id,namespace,path,description_id,class,category,width,height,tags,resource_references
"betterarcheology:bombentity","betterarcheology","bombentity","entity.betterarcheology.bombentity","net.minecraft.world.entity.EntityType","misc","0.25","0.25","","0"
"bloodlines:lingering_devour","bloodlines","lingering_devour","entity.bloodlines.lingering_devour","net.minecraft.world.entity.EntityType","misc","6.0","0.5","","0"
"cnc:beaver","cnc","beaver","entity.cnc.beaver","net.minecraft.world.entity.EntityType","creature","0.7","0.6","","1"
"cnc:bewitched_timber_wolf","cnc","bewitched_timber_wolf","entity.cnc.bewitched_timber_wolf","net.minecraft.world.entity.EntityType","monster","0.6","0.9","","1"
"cnc:black_bear","cnc","black_bear","entity.cnc.black_bear","net.minecraft.world.entity.EntityType","creature","1.2","1.2","","1"
"cnc:caribou","cnc","caribou","entity.cnc.caribou","net.minecraft.world.entity.EntityType","creature","1.4","1.4","","2"
"cnc:chupacabra","cnc","chupacabra","entity.cnc.chupacabra","net.minecraft.world.entity.EntityType","monster","0.6","0.8","","1"
"cnc:chupacabra_spit","cnc","chupacabra_spit","entity.cnc.chupacabra_spit","net.minecraft.world.entity.EntityType","misc","0.5","0.5","","0"
"cnc:cougar","cnc","cougar","entity.cnc.cougar","net.minecraft.world.entity.EntityType","creature","0.8","0.9","","1"
"cnc:coyote","cnc","coyote","entity.cnc.coyote","net.minecraft.world.entity.EntityType","creature","0.6","0.8","","1"
"cnc:elk","cnc","elk","entity.cnc.elk","net.minecraft.world.entity.EntityType","creature","1.4","1.6","","1"
"cnc:giant_boar","cnc","giant_boar","entity.cnc.giant_boar","net.minecraft.world.entity.EntityType","creature","1.5","2.0","","1"
"cnc:goose","cnc","goose","entity.cnc.goose","net.minecraft.world.entity.EntityType","creature","0.5","0.9","","1"
"cnc:howler","cnc","howler","entity.cnc.howler","net.minecraft.world.entity.EntityType","monster","1.3","1.3","","1"
"cnc:marmot","cnc","marmot","entity.cnc.marmot","net.minecraft.world.entity.EntityType","creature","0.7","0.6","","1"
"cnc:mouse","cnc","mouse","entity.cnc.mouse","net.minecraft.world.entity.EntityType","creature","0.3","0.3","","2"
"cnc:mule_deer","cnc","mule_deer","entity.cnc.mule_deer","net.minecraft.world.entity.EntityType","creature","1.2","1.4","","1"
"cnc:pit_viper","cnc","pit_viper","entity.cnc.pit_viper","net.minecraft.world.entity.EntityType","creature","1.0","0.5","","1"
"cnc:rattlesnake","cnc","rattlesnake","entity.cnc.rattlesnake","net.minecraft.world.entity.EntityType","creature","1.0","0.5","","1"
"cnc:ringtail","cnc","ringtail","entity.cnc.ringtail","net.minecraft.world.entity.EntityType","creature","0.6","0.8","","1"
"cnc:sasquatch","cnc","sasquatch","entity.cnc.sasquatch","net.minecraft.world.entity.EntityType","creature","0.8","2.6","","1"
"cnc:skinwalker","cnc","skinwalker","entity.cnc.skinwalker","net.minecraft.world.entity.EntityType","monster","0.6","1.8","","1"
"cnc:skunk","cnc","skunk","entity.cnc.skunk","net.minecraft.world.entity.EntityType","creature","0.7","0.6","","1"
"cnc:snake","cnc","snake","entity.cnc.snake","net.minecraft.world.entity.EntityType","creature","1.0","0.5","","1"
"cnc:squonk","cnc","squonk","entity.cnc.squonk","net.minecraft.world.entity.EntityType","monster","0.9","0.9","","1"
"cnc:timber_wolf","cnc","timber_wolf","entity.cnc.timber_wolf","net.minecraft.world.entity.EntityType","creature","0.6","0.9","","2"
"cnc:turkey","cnc","turkey","entity.cnc.turkey","net.minecraft.world.entity.EntityType","creature","0.8","0.7","","1"
"cnc:wechuge","cnc","wechuge","entity.cnc.wechuge","net.minecraft.world.entity.EntityType","monster","0.8","2.2","minecraft:can_breathe_under_water|minecraft:ignores_poison_and_regen|minecraft:inverted_healing_and_harm|minecraft:sensitive_to_smite|minecraft:undead|minecraft:wither_friends","2"
"cnc:wendigo","cnc","wendigo","entity.cnc.wendigo","net.minecraft.world.entity.EntityType","monster","0.8","1.8","minecraft:can_breathe_under_water|minecraft:ignores_poison_and_regen|minecraft:inverted_healing_and_harm|minecraft:sensitive_to_smite|minecraft:undead|minecraft:wither_friends","1"
"cnc:white_tailed_deer","cnc","white_tailed_deer","entity.cnc.white_tailed_deer","net.minecraft.world.entity.EntityType","creature","1.2","1.4","","1"
"cnc:wolverine","cnc","wolverine","entity.cnc.wolverine","net.minecraft.world.entity.EntityType","creature","0.9","0.8","","1"
"eidolon_repraised:bonechill_projectile","eidolon_repraised","bonechill_projectile","entity.eidolon_repraised.bonechill_projectile","net.minecraft.world.entity.EntityType","misc","0.4","0.4","","0"
"eidolon_repraised:chant_caster","eidolon_repraised","chant_caster","entity.eidolon_repraised.chant_caster","net.minecraft.world.entity.EntityType","misc","1.0","1.0","","0"
"eidolon_repraised:giant_skeleton","eidolon_repraised","giant_skeleton","entity.eidolon_repraised.giant_skeleton","net.minecraft.world.entity.EntityType","monster","1.2","2.75","identity:burns_in_daylight|minecraft:can_breathe_under_water|minecraft:ignores_poison_and_regen|minecraft:inverted_healing_and_harm|minecraft:sensitive_to_smite|minecraft:undead|minecraft:wither_friends","2"
"eidolon_repraised:necromancer","eidolon_repraised","necromancer","entity.eidolon_repraised.necromancer","net.minecraft.world.entity.EntityType","monster","0.6","2.2","minecraft:can_breathe_under_water|minecraft:ignores_poison_and_regen|minecraft:inverted_healing_and_harm|minecraft:sensitive_to_smite|minecraft:undead|minecraft:wither_friends","0"
"eidolon_repraised:necromancer_spell","eidolon_repraised","necromancer_spell","entity.eidolon_repraised.necromancer_spell","net.minecraft.world.entity.EntityType","misc","0.4","0.4","","0"
"eidolon_repraised:raven","eidolon_repraised","raven","entity.eidolon_repraised.raven","net.minecraft.world.entity.EntityType","creature","0.375","0.5","identity:flying","2"
"eidolon_repraised:slimy_slug","eidolon_repraised","slimy_slug","entity.eidolon_repraised.slimy_slug","net.minecraft.world.entity.EntityType","creature","0.5","0.25","","1"
"eidolon_repraised:soulfire_projectile","eidolon_repraised","soulfire_projectile","entity.eidolon_repraised.soulfire_projectile","net.minecraft.world.entity.EntityType","misc","0.4","0.4","","0"
"eidolon_repraised:wraith","eidolon_repraised","wraith","entity.eidolon_repraised.wraith","net.minecraft.world.entity.EntityType","monster","0.6","1.9","identity:burns_in_daylight|identity:lava_walking|minecraft:can_breathe_under_water|minecraft:ignores_poison_and_regen|minecraft:inverted_healing_and_harm|minecraft:sensitive_to_smite|minecraft:undead|minecraft:wither_friends","3"
"eidolon_repraised:zombie_brute","eidolon_repraised","zombie_brute","entity.eidolon_repraised.zombie_brute","net.minecraft.world.entity.EntityType","monster","1.2","2.5","identity:burns_in_daylight|minecraft:can_breathe_under_water|minecraft:ignores_poison_and_regen|minecraft:inverted_healing_and_harm|minecraft:sensitive_to_smite|minecraft:undead|minecraft:wither_friends","1"
"enchanted:broomstick","enchanted","broomstick","entity.enchanted.broomstick","net.minecraft.world.entity.EntityType","misc","1.0","1.0","","0"
"enchanted:familiar_cat","enchanted","familiar_cat","entity.enchanted.familiar_cat","net.minecraft.world.entity.EntityType","creature","0.6","0.7","enchanted:taglock_blacklist","1"
"enchanted:mandrake","enchanted","mandrake","entity.enchanted.mandrake","net.minecraft.world.entity.EntityType","monster","0.4","0.7","","2"
"enchanted:throwable_brew","enchanted","throwable_brew","entity.enchanted.throwable_brew","net.minecraft.world.entity.EntityType","misc","0.25","0.25","","0"
"enchanted:voodoo_item","enchanted","voodoo_item","entity.enchanted.voodoo_item","net.minecraft.world.entity.EntityType","misc","0.25","0.25","","0"
"fangs_n_claws:baby_owlbear","fangs_n_claws","baby_owlbear","entity.fangs_n_claws.baby_owlbear","net.minecraft.world.entity.EntityType","creature","0.9","0.9","","0"
"fangs_n_claws:baby_scorpion","fangs_n_claws","baby_scorpion","entity.fangs_n_claws.baby_scorpion","net.minecraft.world.entity.EntityType","monster","0.6","0.4","","0"
"fangs_n_claws:baby_shrike","fangs_n_claws","baby_shrike","entity.fangs_n_claws.baby_shrike","net.minecraft.world.entity.EntityType","creature","0.9","0.9","","0"
"fangs_n_claws:block_projectile","fangs_n_claws","block_projectile","entity.fangs_n_claws.block_projectile","net.minecraft.world.entity.EntityType","misc","1.5","1.5","","0"
"fangs_n_claws:catching_claw_hook","fangs_n_claws","catching_claw_hook","entity.fangs_n_claws.catching_claw_hook","net.minecraft.world.entity.EntityType","misc","0.25","0.25","","0"
"fangs_n_claws:cave_ogre","fangs_n_claws","cave_ogre","entity.fangs_n_claws.cave_ogre","net.minecraft.world.entity.EntityType","monster","1.95","2.95","","1"
"fangs_n_claws:dart_goblin","fangs_n_claws","dart_goblin","entity.fangs_n_claws.dart_goblin","net.minecraft.world.entity.EntityType","monster","0.6","1.4","","1"
"fangs_n_claws:desert_scorpion","fangs_n_claws","desert_scorpion","entity.fangs_n_claws.desert_scorpion","net.minecraft.world.entity.EntityType","monster","1.4","0.9","","1"
"fangs_n_claws:evil_bat","fangs_n_claws","evil_bat","entity.fangs_n_claws.evil_bat","net.minecraft.world.entity.EntityType","ambient","0.5","0.9","","1"
"fangs_n_claws:evil_eye_projectile","fangs_n_claws","evil_eye_projectile","entity.fangs_n_claws.evil_eye_projectile","net.minecraft.world.entity.EntityType","misc","0.25","0.25","","0"
"fangs_n_claws:feather_projectile","fangs_n_claws","feather_projectile","entity.fangs_n_claws.feather_projectile","net.minecraft.world.entity.EntityType","misc","0.5","0.5","","0"
"fangs_n_claws:fire_ghost","fangs_n_claws","fire_ghost","entity.fangs_n_claws.fire_ghost","net.minecraft.world.entity.EntityType","monster","0.8","1.6","","1"
"fangs_n_claws:fire_pitchfork","fangs_n_claws","fire_pitchfork","entity.fangs_n_claws.fire_pitchfork","net.minecraft.world.entity.EntityType","misc","0.5","0.5","","6"
"fangs_n_claws:frost_scorpion","fangs_n_claws","frost_scorpion","entity.fangs_n_claws.frost_scorpion","net.minecraft.world.entity.EntityType","monster","1.4","0.9","","1"
"fangs_n_claws:frozen_box","fangs_n_claws","frozen_box","entity.fangs_n_claws.frozen_box","net.minecraft.world.entity.EntityType","misc","1.0","1.0","","0"
"fangs_n_claws:ghost","fangs_n_claws","ghost","entity.fangs_n_claws.ghost","net.minecraft.world.entity.EntityType","monster","0.8","1.6","","2"
"fangs_n_claws:goblin","fangs_n_claws","goblin","entity.fangs_n_claws.goblin","net.minecraft.world.entity.EntityType","monster","0.6","1.4","","2"
"fangs_n_claws:golem","fangs_n_claws","golem","entity.fangs_n_claws.golem","net.minecraft.world.entity.EntityType","monster","1.95","2.6","","2"
"fangs_n_claws:hell_ogre","fangs_n_claws","hell_ogre","entity.fangs_n_claws.hell_ogre","net.minecraft.world.entity.EntityType","monster","1.95","2.95","","1"
"fangs_n_claws:hellfire_pitchfork","fangs_n_claws","hellfire_pitchfork","entity.fangs_n_claws.hellfire_pitchfork","net.minecraft.world.entity.EntityType","misc","0.5","0.5","","8"
"fangs_n_claws:horse_bat","fangs_n_claws","horse_bat","entity.fangs_n_claws.horse_bat","net.minecraft.world.entity.EntityType","monster","1.4","1.6","","0"
"fangs_n_claws:ice_golem","fangs_n_claws","ice_golem","entity.fangs_n_claws.ice_golem","net.minecraft.world.entity.EntityType","monster","1.95","2.6","","1"
"fangs_n_claws:imp","fangs_n_claws","imp","entity.fangs_n_claws.imp","net.minecraft.world.entity.EntityType","monster","0.5","1.2","","2"
"fangs_n_claws:mimic","fangs_n_claws","mimic","entity.fangs_n_claws.mimic","net.minecraft.world.entity.EntityType","monster","0.9","0.9","","1"
"fangs_n_claws:nether_scorpion","fangs_n_claws","nether_scorpion","entity.fangs_n_claws.nether_scorpion","net.minecraft.world.entity.EntityType","monster","1.4","0.9","","1"
"fangs_n_claws:netherite_claw_hook","fangs_n_claws","netherite_claw_hook","entity.fangs_n_claws.netherite_claw_hook","net.minecraft.world.entity.EntityType","misc","0.25","0.25","","0"
"fangs_n_claws:nightmare_horse","fangs_n_claws","nightmare_horse","entity.fangs_n_claws.nightmare_horse","net.minecraft.world.entity.EntityType","monster","1.4","1.6","","0"
"fangs_n_claws:ogre","fangs_n_claws","ogre","entity.fangs_n_claws.ogre","net.minecraft.world.entity.EntityType","monster","1.95","2.95","","2"
"fangs_n_claws:owlbear","fangs_n_claws","owlbear","entity.fangs_n_claws.owlbear","net.minecraft.world.entity.EntityType","monster","1.95","1.95","","2"
"fangs_n_claws:poisonous_dart","fangs_n_claws","poisonous_dart","entity.fangs_n_claws.poisonous_dart","net.minecraft.world.entity.EntityType","misc","0.5","0.5","","3"
"fangs_n_claws:scorpion","fangs_n_claws","scorpion","entity.fangs_n_claws.scorpion","net.minecraft.world.entity.EntityType","monster","1.4","0.9","","2"
"fangs_n_claws:shrike","fangs_n_claws","shrike","entity.fangs_n_claws.shrike","net.minecraft.world.entity.EntityType","monster","1.95","1.95","","2"
"fangs_n_claws:silver_skeleton","fangs_n_claws","silver_skeleton","entity.fangs_n_claws.silver_skeleton","net.minecraft.world.entity.EntityType","monster","0.6","1.95","","2"
"fangs_n_claws:skeleton_horse","fangs_n_claws","skeleton_horse","entity.fangs_n_claws.skeleton_horse","net.minecraft.world.entity.EntityType","monster","1.4","1.6","","0"
"fangs_n_claws:tomahawk_projectile","fangs_n_claws","tomahawk_projectile","entity.fangs_n_claws.tomahawk_projectile","net.minecraft.world.entity.EntityType","misc","0.5","0.5","","0"
"fangs_n_claws:velocity_arrow","fangs_n_claws","velocity_arrow","entity.fangs_n_claws.velocity_arrow","net.minecraft.world.entity.EntityType","misc","0.5","0.5","","3"
"fangs_n_claws:werevillager","fangs_n_claws","werevillager","entity.fangs_n_claws.werevillager","net.minecraft.world.entity.EntityType","creature","0.6","1.95","","2"
"fangs_n_claws:werewolf","fangs_n_claws","werewolf","entity.fangs_n_claws.werewolf","net.minecraft.world.entity.EntityType","monster","1.0","1.95","","3"
"fangs_n_claws:wild_wolf","fangs_n_claws","wild_wolf","entity.fangs_n_claws.wild_wolf","net.minecraft.world.entity.EntityType","monster","0.78","1.105","","0"
"fangs_n_claws:zombie_horse","fangs_n_claws","zombie_horse","entity.fangs_n_claws.zombie_horse","net.minecraft.world.entity.EntityType","monster","1.4","1.6","","0"
"farmersdelight:rotten_tomato","farmersdelight","rotten_tomato","entity.farmersdelight.rotten_tomato","net.minecraft.world.entity.EntityType","misc","0.25","0.25","","5"
"feywild:autumn_pixie","feywild","autumn_pixie","entity.feywild.autumn_pixie","net.minecraft.world.entity.EntityType","creature","0.7","1.7","","0"
"feywild:autumn_tree_ent","feywild","autumn_tree_ent","entity.feywild.autumn_tree_ent","net.minecraft.world.entity.EntityType","creature","2.0","3.9","","0"
"feywild:bee_knight","feywild","bee_knight","entity.feywild.bee_knight","net.minecraft.world.entity.EntityType","creature","0.7","1.3","","0"
"feywild:bee_mount","feywild","bee_mount","entity.feywild.bee_mount","net.minecraft.world.entity.EntityType","creature","1.3","0.9","","0"
"feywild:bellsnickel","feywild","bellsnickel","entity.feywild.bellsnickel","net.minecraft.world.entity.EntityType","creature","0.6","1.8","","0"
"feywild:fey_wings","feywild","fey_wings","entity.feywild.fey_wings","net.minecraft.world.entity.EntityType","misc","0.6","1.8","","0"
"feywild:mab","feywild","mab","entity.feywild.mab","net.minecraft.world.entity.EntityType","creature","1.8","3.7","","0"
"feywild:mandragora","feywild","mandragora","entity.feywild.mandragora","net.minecraft.world.entity.EntityType","creature","0.6","1.8","","0"
"feywild:moo_shroom_cow","feywild","moo_shroom_cow","entity.feywild.moo_shroom_cow","net.minecraft.world.entity.EntityType","creature","0.6","1.8","","0"
"feywild:shroomling","feywild","shroomling","entity.feywild.shroomling","net.minecraft.world.entity.EntityType","creature","0.6","1.8","","0"
"feywild:spring_pixie","feywild","spring_pixie","entity.feywild.spring_pixie","net.minecraft.world.entity.EntityType","creature","0.7","1.7","","0"
"feywild:spring_tree_ent","feywild","spring_tree_ent","entity.feywild.spring_tree_ent","net.minecraft.world.entity.EntityType","creature","2.0","3.9","","0"
"feywild:sprite","feywild","sprite","entity.feywild.sprite","net.minecraft.world.entity.EntityType","creature","0.6","1.8","","0"
"feywild:summer_pixie","feywild","summer_pixie","entity.feywild.summer_pixie","net.minecraft.world.entity.EntityType","creature","0.7","1.7","","0"
"feywild:summer_tree_ent","feywild","summer_tree_ent","entity.feywild.summer_tree_ent","net.minecraft.world.entity.EntityType","creature","2.0","3.9","","0"
"feywild:titania","feywild","titania","entity.feywild.titania","net.minecraft.world.entity.EntityType","creature","1.8","3.7","","0"
"feywild:winter_pixie","feywild","winter_pixie","entity.feywild.winter_pixie","net.minecraft.world.entity.EntityType","creature","0.7","1.7","","0"
"feywild:winter_tree_ent","feywild","winter_tree_ent","entity.feywild.winter_tree_ent","net.minecraft.world.entity.EntityType","creature","2.0","3.9","","0"
"gaze:saber","gaze","saber","entity.gaze.saber","net.minecraft.world.entity.EntityType","misc","1.0","1.0","","0"
"gaze:seidhr_bolt","gaze","seidhr_bolt","entity.gaze.seidhr_bolt","net.minecraft.world.entity.EntityType","misc","1.0","1.0","","0"
"gaze:splintered_world","gaze","splintered_world","entity.gaze.splintered_world","net.minecraft.world.entity.EntityType","misc","1.0","1.0","","4"
"gaze:sword_domain_projectile","gaze","sword_domain_projectile","entity.gaze.sword_domain_projectile","net.minecraft.world.entity.EntityType","misc","1.0","1.0","","0"
"gaze:veils_edge","gaze","veils_edge","entity.gaze.veils_edge","net.minecraft.world.entity.EntityType","misc","1.0","1.0","","0"
"graveyard:acolyte","graveyard","acolyte","entity.graveyard.acolyte","net.minecraft.world.entity.EntityType","monster","0.6","1.9","","1"
"graveyard:corrupted_pillager","graveyard","corrupted_pillager","entity.graveyard.corrupted_pillager","net.minecraft.world.entity.EntityType","monster","0.6","1.9","","1"
"graveyard:corrupted_vindicator","graveyard","corrupted_vindicator","entity.graveyard.corrupted_vindicator","net.minecraft.world.entity.EntityType","monster","0.6","1.9","","1"
"graveyard:falling_corpse","graveyard","falling_corpse","entity.graveyard.falling_corpse","net.minecraft.world.entity.EntityType","monster","0.4","0.5","","0"
"graveyard:ghoul","graveyard","ghoul","entity.graveyard.ghoul","net.minecraft.world.entity.EntityType","monster","0.8","2.1","","5"
"graveyard:ghouling","graveyard","ghouling","entity.graveyard.ghouling","net.minecraft.world.entity.EntityType","creature","0.7","2.0","","0"
"graveyard:lich","graveyard","lich","entity.graveyard.lich","net.minecraft.world.entity.EntityType","monster","0.9","4.0","fieldguide:bosses|fieldguide:kill_to_unlock","2"
"graveyard:nameless_hanged","graveyard","nameless_hanged","entity.graveyard.nameless_hanged","net.minecraft.world.entity.EntityType","creature","0.8","2.5","","0"
"graveyard:nightmare","graveyard","nightmare","entity.graveyard.nightmare","net.minecraft.world.entity.EntityType","monster","0.6","2.6","","0"
"graveyard:reaper","graveyard","reaper","entity.graveyard.reaper","net.minecraft.world.entity.EntityType","monster","0.5","1.4","","1"
"graveyard:revenant","graveyard","revenant","entity.graveyard.revenant","net.minecraft.world.entity.EntityType","monster","0.6","1.9","","5"
"graveyard:skeleton_creeper","graveyard","skeleton_creeper","entity.graveyard.skeleton_creeper","net.minecraft.world.entity.EntityType","monster","0.6","1.7","","5"
"graveyard:skull","graveyard","skull","entity.graveyard.skull","net.minecraft.world.entity.EntityType","misc","0.25","0.25","","0"
"graveyard:wraith","graveyard","wraith","entity.graveyard.wraith","net.minecraft.world.entity.EntityType","monster","0.6","1.8","","0"
"immersiveengineering:bulwark","immersiveengineering","bulwark","entity.immersiveengineering.bulwark","net.minecraft.world.entity.EntityType","monster","0.7","2.25","minecraft:raiders|vampiresdelight:drops_human_eye","1"
"immersiveengineering:cart_metalbarrel","immersiveengineering","cart_metalbarrel","entity.immersiveengineering.cart_metalbarrel","net.minecraft.world.entity.EntityType","misc","0.98","0.7","","0"
"immersiveengineering:cart_reinforcedcrate","immersiveengineering","cart_reinforcedcrate","entity.immersiveengineering.cart_reinforcedcrate","net.minecraft.world.entity.EntityType","misc","0.98","0.7","","0"
"immersiveengineering:cart_woodenbarrel","immersiveengineering","cart_woodenbarrel","entity.immersiveengineering.cart_woodenbarrel","net.minecraft.world.entity.EntityType","misc","0.98","0.7","","0"
"immersiveengineering:cart_woodencrate","immersiveengineering","cart_woodencrate","entity.immersiveengineering.cart_woodencrate","net.minecraft.world.entity.EntityType","misc","0.98","0.7","","0"
"immersiveengineering:chemthrower_shot","immersiveengineering","chemthrower_shot","entity.immersiveengineering.chemthrower_shot","net.minecraft.world.entity.EntityType","misc","0.1","0.1","","0"
"immersiveengineering:commando","immersiveengineering","commando","entity.immersiveengineering.commando","net.minecraft.world.entity.EntityType","monster","0.6","1.95","minecraft:raiders|vampiresdelight:drops_human_eye","1"
"immersiveengineering:explosive","immersiveengineering","explosive","entity.immersiveengineering.explosive","net.minecraft.world.entity.EntityType","misc","0.98","0.98","","0"
"immersiveengineering:fluorescent_tube","immersiveengineering","fluorescent_tube","entity.immersiveengineering.fluorescent_tube","net.minecraft.world.entity.EntityType","misc","0.75","1.75","","1"
"immersiveengineering:fusilier","immersiveengineering","fusilier","entity.immersiveengineering.fusilier","net.minecraft.world.entity.EntityType","monster","0.6","1.95","minecraft:raiders|vampiresdelight:drops_human_eye","1"
"immersiveengineering:railgun_shot","immersiveengineering","railgun_shot","entity.immersiveengineering.railgun_shot","net.minecraft.world.entity.EntityType","misc","0.5","0.5","","0"
"immersiveengineering:revolver_shot","immersiveengineering","revolver_shot","entity.immersiveengineering.revolver_shot","net.minecraft.world.entity.EntityType","misc","0.125","0.125","","0"
"immersiveengineering:revolver_shot_flare","immersiveengineering","revolver_shot_flare","entity.immersiveengineering.revolver_shot_flare","net.minecraft.world.entity.EntityType","misc","0.125","0.125","","0"
"immersiveengineering:revolver_shot_homing","immersiveengineering","revolver_shot_homing","entity.immersiveengineering.revolver_shot_homing","net.minecraft.world.entity.EntityType","misc","0.125","0.125","","0"
"immersiveengineering:revolver_shot_wolfpack","immersiveengineering","revolver_shot_wolfpack","entity.immersiveengineering.revolver_shot_wolfpack","net.minecraft.world.entity.EntityType","misc","0.125","0.125","","0"
"immersiveengineering:sawblade","immersiveengineering","sawblade","entity.immersiveengineering.sawblade","net.minecraft.world.entity.EntityType","misc","0.75","0.2","","3"
"immersiveengineering:skyline_hook","immersiveengineering","skyline_hook","entity.immersiveengineering.skyline_hook","net.minecraft.world.entity.EntityType","misc","0.125","0.125","","0"
"kaleidoscope_tavern:sit","kaleidoscope_tavern","sit","entity.kaleidoscope_tavern.sit","net.minecraft.world.entity.EntityType","misc","0.5","0.1","","0"
"kaleidoscope_tavern:thrown_molotov","kaleidoscope_tavern","thrown_molotov","entity.kaleidoscope_tavern.thrown_molotov","net.minecraft.world.entity.EntityType","misc","0.25","0.25","","0"
"lore_master:bellsnickel","lore_master","bellsnickel","entity.lore_master.bellsnickel","net.minecraft.world.entity.EntityType","creature","0.6","1.8","","0"
"lore_master:lore_master","lore_master","lore_master","entity.lore_master.lore_master","net.minecraft.world.entity.EntityType","creature","0.6","1.8","","0"
"malstone:blood_spirit","malstone","blood_spirit","entity.malstone.blood_spirit","net.minecraft.world.entity.EntityType","misc","0.5","0.5","","0"
"malum:ascending_block","malum","ascending_block","entity.malum.ascending_block","net.minecraft.world.entity.EntityType","misc","0.98","0.98","","0"
"malum:bound_rite_locus","malum","bound_rite_locus","entity.malum.bound_rite_locus","net.minecraft.world.entity.EntityType","misc","1.0","1.0","","0"
"malum:draining_bolt","malum","draining_bolt","entity.malum.draining_bolt","net.minecraft.world.entity.EntityType","misc","1.5","1.5","","0"
"malum:entropic_flame_bolt","malum","entropic_flame_bolt","entity.malum.entropic_flame_bolt","net.minecraft.world.entity.EntityType","misc","3.0","3.0","","0"
"malum:etheric_nitrate","malum","etheric_nitrate","entity.malum.etheric_nitrate","net.minecraft.world.entity.EntityType","misc","0.5","0.5","","0"
"malum:hex_bolt","malum","hex_bolt","entity.malum.hex_bolt","net.minecraft.world.entity.EntityType","misc","1.25","1.25","","0"
"malum:hidden_blade_delayed_impact","malum","hidden_blade_delayed_impact","entity.malum.hidden_blade_delayed_impact","net.minecraft.world.entity.EntityType","misc","8.0","8.0","","0"
"malum:natural_spirit","malum","natural_spirit","entity.malum.natural_spirit","net.minecraft.world.entity.EntityType","misc","0.5","0.75","","0"
"malum:pneuma_void","malum","pneuma_void","entity.malum.pneuma_void","net.minecraft.world.entity.EntityType","misc","1.0","1.0","","0"
"malum:scythe_boomerang","malum","scythe_boomerang","entity.malum.scythe_boomerang","net.minecraft.world.entity.EntityType","misc","2.0","2.0","","0"
"malum:scythe_maelstrom","malum","scythe_maelstrom","entity.malum.scythe_maelstrom","net.minecraft.world.entity.EntityType","misc","2.0","2.0","","7"
"malum:seeking_rite_locus","malum","seeking_rite_locus","entity.malum.seeking_rite_locus","net.minecraft.world.entity.EntityType","misc","1.0","1.0","","0"
"malum:spellweavers_locus","malum","spellweavers_locus","entity.malum.spellweavers_locus","net.minecraft.world.entity.EntityType","misc","0.25","0.25","","0"
"malum:sundering_anchor","malum","sundering_anchor","entity.malum.sundering_anchor","net.minecraft.world.entity.EntityType","misc","2.0","2.0","","13"
"malum:thrown_gluttony","malum","thrown_gluttony","entity.malum.thrown_gluttony","net.minecraft.world.entity.EntityType","misc","0.25","0.25","","0"
"malum:vivid_nitrate","malum","vivid_nitrate","entity.malum.vivid_nitrate","net.minecraft.world.entity.EntityType","misc","0.5","0.5","","0"
"malumarma:arcane_bolt","malumarma","arcane_bolt","entity.malumarma.arcane_bolt","net.minecraft.world.entity.EntityType","misc","0.5","0.5","","0"
"mca:crib","mca","crib","entity.mca.crib","net.minecraft.world.entity.EntityType","misc","1.2","1.0","","0"
"mca:female_villager","mca","female_villager","entity.mca.female_villager","net.minecraft.world.entity.EntityType","misc","0.6","2.0","minecraft:villager","3"
"mca:female_zombie_villager","mca","female_zombie_villager","entity.mca.female_zombie_villager","net.minecraft.world.entity.EntityType","monster","0.6","2.0","","0"
"mca:grim_reaper","mca","grim_reaper","entity.mca.grim_reaper","net.minecraft.world.entity.EntityType","monster","1.0","2.6","","1"
"mca:male_villager","mca","male_villager","entity.mca.male_villager","net.minecraft.world.entity.EntityType","misc","0.6","2.0","minecraft:villager","3"
"mca:male_zombie_villager","mca","male_zombie_villager","entity.mca.male_zombie_villager","net.minecraft.world.entity.EntityType","monster","0.6","2.0","","0"
"minecraft:allay","minecraft","allay","entity.minecraft.allay","net.minecraft.world.entity.EntityType","creature","0.35","0.6","c:allay|enchanted:taglock_blacklist|minecraft:fall_damage_immune|occultism:flying_passive|occultism:random_animals_small","6"
"minecraft:area_effect_cloud","minecraft","area_effect_cloud","entity.minecraft.area_effect_cloud","net.minecraft.world.entity.EntityType","misc","6.0","0.5","","0"
"minecraft:armadillo","minecraft","armadillo","entity.minecraft.armadillo","net.minecraft.world.entity.EntityType","creature","0.7","0.65","c:armadillos|occultism:random_animals_special","10"
"minecraft:armor_stand","minecraft","armor_stand","entity.minecraft.armor_stand","net.minecraft.world.entity.EntityType","misc","0.5","1.975","fieldguide:blacklisted|minecraft:can_breathe_under_water","3"
"minecraft:arrow","minecraft","arrow","entity.minecraft.arrow","net.minecraft.world.entity.EntityType","misc","0.5","0.5","minecraft:arrows|minecraft:impact_projectiles","41"
"minecraft:axolotl","minecraft","axolotl","entity.minecraft.axolotl","net.minecraft.world.entity.EntityType","axolotls","0.75","0.42","c:axolotls|minecraft:aquatic|minecraft:can_breathe_under_water|minecraft:sensitive_to_impaling|occultism:random_animals_water|vampiricageing:infected_blacklist|vampiricageing:petty_devour","7"
"minecraft:bat","minecraft","bat","entity.minecraft.bat","net.minecraft.world.entity.EntityType","ambient","0.5","0.9","c:bats|minecraft:fall_damage_immune|occultism:flying_passive|occultism:random_animals_small","55"
"minecraft:bee","minecraft","bee","entity.minecraft.bee","net.minecraft.world.entity.EntityType","creature","0.7","0.6","c:bees|minecraft:arthropod|minecraft:beehive_inhabitors|minecraft:fall_damage_immune|minecraft:sensitive_to_bane_of_arthropods|occultism:flying_passive|occultism:random_animals_small","5"
"minecraft:blaze","minecraft","blaze","entity.minecraft.blaze","net.minecraft.world.entity.EntityType","monster","0.6","1.8","enchanted:monsters|minecraft:fall_damage_immune|minecraft:freeze_hurts_extra_types|mythsandlegends:nether_mobs|occultism:afrit_allies|vampiricageing:common_devour","8"
"minecraft:block_display","minecraft","block_display","entity.minecraft.block_display","net.minecraft.world.entity.EntityType","misc","0.0","0.0","","0"
"minecraft:boat","minecraft","boat","entity.minecraft.boat","net.minecraft.world.entity.EntityType","misc","1.375","0.5625","c:boats","2"
"minecraft:bogged","minecraft","bogged","entity.minecraft.bogged","net.minecraft.world.entity.EntityType","monster","0.6","1.99","bloodlines:possession_whitelist|kaleidoscope_tavern:tomb_raider_disarmable|minecraft:can_breathe_under_water|minecraft:ignores_poison_and_regen|minecraft:inverted_healing_and_harm|minecraft:no_anger_from_wind_charge|minecraft:sensitive_to_smite|minecraft:skeletons|minecraft:undead|minecraft:wither_friends","5"
"minecraft:breeze","minecraft","breeze","entity.minecraft.breeze","net.minecraft.world.entity.EntityType","monster","0.6","1.77","minecraft:can_turn_in_boats|minecraft:deflects_projectiles|minecraft:fall_damage_immune|minecraft:no_anger_from_wind_charge","3"
"minecraft:breeze_wind_charge","minecraft","breeze_wind_charge","entity.minecraft.breeze_wind_charge","net.minecraft.world.entity.EntityType","misc","0.3125","0.3125","minecraft:impact_projectiles|minecraft:redirectable_projectile","3"
"minecraft:camel","minecraft","camel","entity.minecraft.camel","net.minecraft.world.entity.EntityType","creature","1.7","2.375","c:camels|minecraft:dismounts_underwater|occultism:random_animals_rideable","3"
"minecraft:cat","minecraft","cat","entity.minecraft.cat","net.minecraft.world.entity.EntityType","creature","0.6","0.7","c:cats|minecraft:fall_damage_immune|occultism:random_animals_small","5"
"minecraft:cave_spider","minecraft","cave_spider","entity.minecraft.cave_spider","net.minecraft.world.entity.EntityType","monster","0.7","0.5","c:spiders|enchanted:monsters|minecraft:arthropod|minecraft:no_anger_from_wind_charge|minecraft:sensitive_to_bane_of_arthropods|vampiricageing:common_devour","5"
"minecraft:chest_boat","minecraft","chest_boat","entity.minecraft.chest_boat","net.minecraft.world.entity.EntityType","misc","1.375","0.5625","c:boats","1"
"minecraft:chest_minecart","minecraft","chest_minecart","entity.minecraft.chest_minecart","net.minecraft.world.entity.EntityType","misc","0.98","0.7","c:minecarts","4"
"minecraft:chicken","minecraft","chicken","entity.minecraft.chicken","net.minecraft.world.entity.EntityType","creature","0.4","0.7","c:chickens|minecraft:dismounts_underwater|minecraft:fall_damage_immune|occultism:random_animals_common","45"
"minecraft:cod","minecraft","cod","entity.minecraft.cod","net.minecraft.world.entity.EntityType","water_ambient","0.5","0.3","c:fish|minecraft:aquatic|minecraft:axolotl_hunt_targets|minecraft:can_breathe_under_water|minecraft:not_scary_for_pufferfish|minecraft:sensitive_to_impaling|occultism:random_animals_water","42"
"minecraft:command_block_minecart","minecraft","command_block_minecart","entity.minecraft.command_block_minecart","net.minecraft.world.entity.EntityType","misc","0.98","0.7","c:minecarts","1"
"minecraft:cow","minecraft","cow","entity.minecraft.cow","net.minecraft.world.entity.EntityType","creature","0.9","1.4","c:cows|occultism:random_animals_common|vampiricageing:infected_blacklist|vampiricageing:petty_devour","26"
"minecraft:creeper","minecraft","creeper","entity.minecraft.creeper","net.minecraft.world.entity.EntityType","monster","0.6","1.7","bloodlines:possession_whitelist|enchanted:monsters|vampiricageing:common_devour","58"
"minecraft:dolphin","minecraft","dolphin","entity.minecraft.dolphin","net.minecraft.world.entity.EntityType","water_creature","0.9","0.6","c:dolphins|minecraft:aquatic|minecraft:not_scary_for_pufferfish|minecraft:sensitive_to_impaling|occultism:random_animals_water","7"
"minecraft:donkey","minecraft","donkey","entity.minecraft.donkey","net.minecraft.world.entity.EntityType","creature","1.3964844","1.5","c:donkeys|farmersdelight:horse_feed_tempted|farmersdelight:horse_feed_users|minecraft:dismounts_underwater|occultism:random_animals_rideable|vampiricageing:infected_blacklist|vampiricageing:petty_devour","13"
"minecraft:dragon_fireball","minecraft","dragon_fireball","entity.minecraft.dragon_fireball","net.minecraft.world.entity.EntityType","misc","1.0","1.0","minecraft:impact_projectiles","1"
"minecraft:drowned","minecraft","drowned","entity.minecraft.drowned","net.minecraft.world.entity.EntityType","monster","0.6","1.95","bloodlines:possession_whitelist|enchanted:monsters|kaleidoscope_tavern:tomb_raider_disarmable|minecraft:axolotl_always_hostiles|minecraft:can_breathe_under_water|minecraft:ignores_poison_and_regen|minecraft:inverted_healing_and_harm|minecraft:sensitive_to_smite|minecraft:undead|minecraft:wither_friends|minecraft:zombies|vampirism:zombies","18"
"minecraft:egg","minecraft","egg","entity.minecraft.egg","net.minecraft.world.entity.EntityType","misc","0.25","0.25","minecraft:impact_projectiles","26"
"minecraft:elder_guardian","minecraft","elder_guardian","entity.minecraft.elder_guardian","net.minecraft.world.entity.EntityType","monster","1.9975","1.9975","enchanted:grotesque_immune|enchanted:monsters|fieldguide:bosses|fieldguide:kill_to_unlock|minecraft:aquatic|minecraft:axolotl_always_hostiles|minecraft:can_breathe_under_water|minecraft:not_scary_for_pufferfish|minecraft:sensitive_to_impaling|vampiricageing:exquisite_devour","6"
"minecraft:end_crystal","minecraft","end_crystal","entity.minecraft.end_crystal","net.minecraft.world.entity.EntityType","misc","2.0","2.0","","5"
"minecraft:ender_dragon","minecraft","ender_dragon","entity.minecraft.ender_dragon","net.minecraft.world.entity.EntityType","monster","16.0","8.0","c:bosses|enchanted:grotesque_immune|enchanted:taglock_blacklist|fieldguide:bosses|fieldguide:kill_to_unlock|occultism:fragile_soul_gem_deny_list|occultism:soul_gem_deny_list|vampirism:ignore_vampire_sword_finisher","9"
"minecraft:ender_pearl","minecraft","ender_pearl","entity.minecraft.ender_pearl","net.minecraft.world.entity.EntityType","misc","0.25","0.25","","24"
"minecraft:enderman","minecraft","enderman","entity.minecraft.enderman","net.minecraft.world.entity.EntityType","monster","0.6","2.9","bloodlines:possession_whitelist|c:endermen|vampiricageing:common_devour","64"
"minecraft:endermite","minecraft","endermite","entity.minecraft.endermite","net.minecraft.world.entity.EntityType","monster","0.4","0.3","enchanted:monsters|minecraft:arthropod|minecraft:powder_snow_walkable_mobs|minecraft:sensitive_to_bane_of_arthropods","3"
"minecraft:evoker","minecraft","evoker","entity.minecraft.evoker","net.minecraft.world.entity.EntityType","monster","0.6","1.95","enchanted:grotesque_immune|minecraft:illager|minecraft:illager_friends|minecraft:raiders|vampiresdelight:drops_human_eye","3"
"minecraft:evoker_fangs","minecraft","evoker_fangs","entity.minecraft.evoker_fangs","net.minecraft.world.entity.EntityType","misc","0.5","0.8","","0"
"minecraft:experience_bottle","minecraft","experience_bottle","entity.minecraft.experience_bottle","net.minecraft.world.entity.EntityType","misc","0.25","0.25","","19"
"minecraft:experience_orb","minecraft","experience_orb","entity.minecraft.experience_orb","net.minecraft.world.entity.EntityType","misc","0.5","0.5","","0"
"minecraft:eye_of_ender","minecraft","eye_of_ender","entity.minecraft.eye_of_ender","net.minecraft.world.entity.EntityType","misc","0.25","0.25","","0"
"minecraft:falling_block","minecraft","falling_block","entity.minecraft.falling_block","net.minecraft.world.entity.EntityType","misc","0.98","0.98","","3"
"minecraft:fireball","minecraft","fireball","entity.minecraft.fireball","net.minecraft.world.entity.EntityType","misc","1.0","1.0","minecraft:impact_projectiles|minecraft:redirectable_projectile","5"
"minecraft:firework_rocket","minecraft","firework_rocket","entity.minecraft.firework_rocket","net.minecraft.world.entity.EntityType","misc","0.25","0.25","minecraft:impact_projectiles","4"
"minecraft:fishing_bobber","minecraft","fishing_bobber","entity.minecraft.fishing_bobber","net.minecraft.world.entity.EntityType","misc","0.25","0.25","","0"
"minecraft:fox","minecraft","fox","entity.minecraft.fox","net.minecraft.world.entity.EntityType","creature","0.6","0.7","minecraft:powder_snow_walkable_mobs|occultism:random_animals_small|vampiricageing:infected_blacklist|vampiricageing:petty_devour","9"
"minecraft:frog","minecraft","frog","entity.minecraft.frog","net.minecraft.world.entity.EntityType","creature","0.5","0.5","minecraft:can_breathe_under_water|occultism:random_animals_water|vampiricageing:infected_blacklist|vampiricageing:petty_devour","9"
"minecraft:furnace_minecart","minecraft","furnace_minecart","entity.minecraft.furnace_minecart","net.minecraft.world.entity.EntityType","misc","0.98","0.7","c:minecarts","4"
"minecraft:ghast","minecraft","ghast","entity.minecraft.ghast","net.minecraft.world.entity.EntityType","monster","4.0","4.0","enchanted:monsters|minecraft:fall_damage_immune|mythsandlegends:nether_mobs|vampiricageing:common_devour","11"
"minecraft:giant","minecraft","giant","entity.minecraft.giant","net.minecraft.world.entity.EntityType","monster","3.6","12.0","enchanted:monsters|fieldguide:blacklisted","2"
"minecraft:glow_item_frame","minecraft","glow_item_frame","entity.minecraft.glow_item_frame","net.minecraft.world.entity.EntityType","misc","0.5","0.5","","2"
"minecraft:glow_squid","minecraft","glow_squid","entity.minecraft.glow_squid","net.minecraft.world.entity.EntityType","underground_water_creature","0.8","0.8","c:squids|minecraft:aquatic|minecraft:axolotl_hunt_targets|minecraft:can_breathe_under_water|minecraft:not_scary_for_pufferfish|minecraft:sensitive_to_impaling|occultism:random_animals_water|vampiricageing:infected_blacklist|vampiricageing:petty_devour","57"
"minecraft:goat","minecraft","goat","entity.minecraft.goat","net.minecraft.world.entity.EntityType","creature","0.9","1.3","c:goats|occultism:random_animals_special|vampiricageing:infected_blacklist|vampiricageing:petty_devour","9"
"minecraft:guardian","minecraft","guardian","entity.minecraft.guardian","net.minecraft.world.entity.EntityType","monster","0.85","0.85","enchanted:monsters|minecraft:aquatic|minecraft:axolotl_always_hostiles|minecraft:can_breathe_under_water|minecraft:not_scary_for_pufferfish|minecraft:sensitive_to_impaling|vampiricageing:common_devour","5"
"minecraft:hoglin","minecraft","hoglin","entity.minecraft.hoglin","net.minecraft.world.entity.EntityType","monster","1.3964844","1.4","c:hoglins|enchanted:monsters|mythsandlegends:nether_mobs","8"
"minecraft:hopper_minecart","minecraft","hopper_minecart","entity.minecraft.hopper_minecart","net.minecraft.world.entity.EntityType","misc","0.98","0.7","c:minecarts","4"
"minecraft:horse","minecraft","horse","entity.minecraft.horse","net.minecraft.world.entity.EntityType","creature","1.3964844","1.6","c:horses|farmersdelight:horse_feed_tempted|farmersdelight:horse_feed_users|minecraft:dismounts_underwater|occultism:random_animals_rideable|vampiricageing:infected_blacklist|vampiricageing:petty_devour","12"
"minecraft:husk","minecraft","husk","entity.minecraft.husk","net.minecraft.world.entity.EntityType","monster","0.6","1.95","bloodlines:possession_whitelist|enchanted:monsters|kaleidoscope_tavern:tomb_raider_disarmable|minecraft:can_breathe_under_water|minecraft:ignores_poison_and_regen|minecraft:inverted_healing_and_harm|minecraft:no_anger_from_wind_charge|minecraft:sensitive_to_smite|minecraft:undead|minecraft:wither_friends|minecraft:zombies|vampirism:zombies","7"
"minecraft:illusioner","minecraft","illusioner","entity.minecraft.illusioner","net.minecraft.world.entity.EntityType","monster","0.6","1.95","enchanted:monsters|fieldguide:blacklisted|minecraft:illager|minecraft:illager_friends|minecraft:raiders|vampiresdelight:drops_human_eye","2"
"minecraft:interaction","minecraft","interaction","entity.minecraft.interaction","net.minecraft.world.entity.EntityType","misc","0.0","0.0","","0"
"minecraft:iron_golem","minecraft","iron_golem","entity.minecraft.iron_golem","net.minecraft.world.entity.EntityType","misc","1.4","2.7","c:golems/iron|enchanted:grotesque_immune|immersiveengineering:shaderbag/blacklist|minecraft:fall_damage_immune|occultism:random_animals_special","5"
"minecraft:item","minecraft","item","entity.minecraft.item","net.minecraft.world.entity.EntityType","misc","0.25","0.25","","3240"
"minecraft:item_display","minecraft","item_display","entity.minecraft.item_display","net.minecraft.world.entity.EntityType","misc","0.0","0.0","","0"
"minecraft:item_frame","minecraft","item_frame","entity.minecraft.item_frame","net.minecraft.world.entity.EntityType","misc","0.5","0.5","","32"
"minecraft:leash_knot","minecraft","leash_knot","entity.minecraft.leash_knot","net.minecraft.world.entity.EntityType","misc","0.375","0.5","","0"
"minecraft:lightning_bolt","minecraft","lightning_bolt","entity.minecraft.lightning_bolt","net.minecraft.world.entity.EntityType","misc","0.0","0.0","","2"
"minecraft:llama","minecraft","llama","entity.minecraft.llama","net.minecraft.world.entity.EntityType","creature","0.9","1.87","c:llamas|farmersdelight:horse_feed_users|minecraft:dismounts_underwater|occultism:random_animals_rideable","8"
"minecraft:llama_spit","minecraft","llama_spit","entity.minecraft.llama_spit","net.minecraft.world.entity.EntityType","misc","0.25","0.25","","0"
"minecraft:magma_cube","minecraft","magma_cube","entity.minecraft.magma_cube","net.minecraft.world.entity.EntityType","monster","0.52","0.52","enchanted:monsters|minecraft:fall_damage_immune|minecraft:freeze_hurts_extra_types|minecraft:frog_food|minecraft:non_controlling_rider|mythsandlegends:nether_mobs|occultism:cubemob","9"
"minecraft:marker","minecraft","marker","entity.minecraft.marker","net.minecraft.world.entity.EntityType","misc","0.0","0.0","","0"
"minecraft:minecart","minecraft","minecart","entity.minecraft.minecart","net.minecraft.world.entity.EntityType","misc","0.98","0.7","c:minecarts","25"
"minecraft:mooshroom","minecraft","mooshroom","entity.minecraft.mooshroom","net.minecraft.world.entity.EntityType","creature","0.9","1.4","c:cows|occultism:random_animals_special","4"
"minecraft:mule","minecraft","mule","entity.minecraft.mule","net.minecraft.world.entity.EntityType","creature","1.3964844","1.6","c:mules|farmersdelight:horse_feed_tempted|farmersdelight:horse_feed_users|minecraft:dismounts_underwater|occultism:random_animals_rideable","5"
"minecraft:ocelot","minecraft","ocelot","entity.minecraft.ocelot","net.minecraft.world.entity.EntityType","creature","0.6","0.7","c:cats|c:ocelots|minecraft:fall_damage_immune|occultism:random_animals_small","6"
"minecraft:ominous_item_spawner","minecraft","ominous_item_spawner","entity.minecraft.ominous_item_spawner","net.minecraft.world.entity.EntityType","misc","0.25","0.25","","0"
"minecraft:painting","minecraft","painting","entity.minecraft.painting","net.minecraft.world.entity.EntityType","misc","0.5","0.5","","4"
"minecraft:panda","minecraft","panda","entity.minecraft.panda","net.minecraft.world.entity.EntityType","creature","1.3","1.25","c:pandas|occultism:random_animals_special","5"
"minecraft:parrot","minecraft","parrot","entity.minecraft.parrot","net.minecraft.world.entity.EntityType","creature","0.5","0.9","c:parrots|minecraft:fall_damage_immune|occultism:flying_passive|occultism:random_animals_small","8"
"minecraft:phantom","minecraft","phantom","entity.minecraft.phantom","net.minecraft.world.entity.EntityType","monster","0.9","0.5","bloodlines:possession_whitelist|enchanted:monsters|minecraft:can_breathe_under_water|minecraft:fall_damage_immune|minecraft:ignores_poison_and_regen|minecraft:inverted_healing_and_harm|minecraft:sensitive_to_smite|minecraft:undead|minecraft:wither_friends|vampiresdelight:unholy_spirits","7"
"minecraft:pig","minecraft","pig","entity.minecraft.pig","net.minecraft.world.entity.EntityType","creature","0.9","0.9","c:pigs|minecraft:dismounts_underwater|occultism:random_animals_common|occultism:random_animals_rideable|vampiricageing:infected_blacklist|vampiricageing:petty_devour","28"
"minecraft:piglin","minecraft","piglin","entity.minecraft.piglin","net.minecraft.world.entity.EntityType","monster","0.6","1.95","enchanted:monsters|kaleidoscope_tavern:tomb_raider_disarmable|mythsandlegends:nether_mobs","9"
"minecraft:piglin_brute","minecraft","piglin_brute","entity.minecraft.piglin_brute","net.minecraft.world.entity.EntityType","monster","0.6","1.95","enchanted:grotesque_immune|enchanted:monsters|kaleidoscope_tavern:tomb_raider_disarmable|mythsandlegends:nether_mobs","6"
"minecraft:pillager","minecraft","pillager","entity.minecraft.pillager","net.minecraft.world.entity.EntityType","monster","0.6","1.95","enchanted:grotesque_immune|enchanted:monsters|kaleidoscope_tavern:tomb_raider_disarmable|minecraft:illager|minecraft:illager_friends|minecraft:raiders|vampiresdelight:drops_human_eye","8"
"minecraft:player","minecraft","player","entity.minecraft.player","net.minecraft.world.entity.EntityType","misc","0.6","1.8","occultism:humans","9"
"minecraft:polar_bear","minecraft","polar_bear","entity.minecraft.polar_bear","net.minecraft.world.entity.EntityType","creature","1.4","1.4","minecraft:freeze_immune_entity_types|occultism:random_animals_special","5"
"minecraft:potion","minecraft","potion","entity.minecraft.potion","net.minecraft.world.entity.EntityType","misc","0.25","0.25","","74"
"minecraft:pufferfish","minecraft","pufferfish","entity.minecraft.pufferfish","net.minecraft.world.entity.EntityType","water_ambient","0.7","0.7","c:fish|minecraft:aquatic|minecraft:axolotl_hunt_targets|minecraft:can_breathe_under_water|minecraft:not_scary_for_pufferfish|minecraft:sensitive_to_impaling|occultism:random_animals_water","17"
"minecraft:rabbit","minecraft","rabbit","entity.minecraft.rabbit","net.minecraft.world.entity.EntityType","creature","0.4","0.5","minecraft:powder_snow_walkable_mobs|occultism:random_animals_small","32"
"minecraft:ravager","minecraft","ravager","entity.minecraft.ravager","net.minecraft.world.entity.EntityType","monster","1.95","2.2","c:ravagers|enchanted:grotesque_immune|enchanted:monsters|minecraft:dismounts_underwater|minecraft:raiders|vampiresdelight:drops_human_eye","5"
"minecraft:salmon","minecraft","salmon","entity.minecraft.salmon","net.minecraft.world.entity.EntityType","water_ambient","0.7","0.4","c:fish|minecraft:aquatic|minecraft:axolotl_hunt_targets|minecraft:can_breathe_under_water|minecraft:not_scary_for_pufferfish|minecraft:sensitive_to_impaling|occultism:random_animals_water","39"
"minecraft:sheep","minecraft","sheep","entity.minecraft.sheep","net.minecraft.world.entity.EntityType","creature","0.9","1.3","c:sheep|occultism:random_animals_common|vampiricageing:infected_blacklist|vampiricageing:petty_devour","28"
"minecraft:shulker","minecraft","shulker","entity.minecraft.shulker","net.minecraft.world.entity.EntityType","monster","1.0","1.0","c:shulkers|enchanted:monsters|minecraft:fall_damage_immune","4"
"minecraft:shulker_bullet","minecraft","shulker_bullet","entity.minecraft.shulker_bullet","net.minecraft.world.entity.EntityType","misc","0.3125","0.3125","","0"
"minecraft:silverfish","minecraft","silverfish","entity.minecraft.silverfish","net.minecraft.world.entity.EntityType","monster","0.4","0.3","bloodlines:possession_whitelist|enchanted:monsters|minecraft:arthropod|minecraft:immune_to_infested|minecraft:powder_snow_walkable_mobs|minecraft:sensitive_to_bane_of_arthropods","5"
"minecraft:skeleton","minecraft","skeleton","entity.minecraft.skeleton","net.minecraft.world.entity.EntityType","monster","0.6","1.99","bloodlines:possession_whitelist|enchanted:monsters|kaleidoscope_tavern:tomb_raider_disarmable|minecraft:can_breathe_under_water|minecraft:ignores_poison_and_regen|minecraft:inverted_healing_and_harm|minecraft:no_anger_from_wind_charge|minecraft:sensitive_to_smite|minecraft:skeletons|minecraft:undead|minecraft:wither_friends","59"
"minecraft:skeleton_horse","minecraft","skeleton_horse","entity.minecraft.skeleton_horse","net.minecraft.world.entity.EntityType","creature","1.3964844","1.6","farmersdelight:horse_feed_users|kaleidoscope_tavern:tomb_raider_disarmable|minecraft:can_breathe_under_water|minecraft:ignores_poison_and_regen|minecraft:inverted_healing_and_harm|minecraft:sensitive_to_smite|minecraft:skeletons|minecraft:undead|minecraft:wither_friends|occultism:random_animals_rideable","2"
"minecraft:slime","minecraft","slime","entity.minecraft.slime","net.minecraft.world.entity.EntityType","monster","0.52","0.52","enchanted:monsters|minecraft:frog_food|minecraft:immune_to_oozing|minecraft:no_anger_from_wind_charge|minecraft:non_controlling_rider|occultism:cubemob","58"
"minecraft:small_fireball","minecraft","small_fireball","entity.minecraft.small_fireball","net.minecraft.world.entity.EntityType","misc","0.3125","0.3125","minecraft:impact_projectiles","1"
"minecraft:sniffer","minecraft","sniffer","entity.minecraft.sniffer","net.minecraft.world.entity.EntityType","creature","1.9","1.75","occultism:random_animals_special","3"
"minecraft:snow_golem","minecraft","snow_golem","entity.minecraft.snow_golem","net.minecraft.world.entity.EntityType","misc","0.7","1.9","c:golems/snow|minecraft:fall_damage_immune|minecraft:freeze_immune_entity_types|occultism:random_animals_water","2"
"minecraft:snowball","minecraft","snowball","entity.minecraft.snowball","net.minecraft.world.entity.EntityType","misc","0.25","0.25","minecraft:impact_projectiles","17"
"minecraft:spawner_minecart","minecraft","spawner_minecart","entity.minecraft.spawner_minecart","net.minecraft.world.entity.EntityType","misc","0.98","0.7","c:minecarts","1"
"minecraft:spectral_arrow","minecraft","spectral_arrow","entity.minecraft.spectral_arrow","net.minecraft.world.entity.EntityType","misc","0.5","0.5","minecraft:arrows|minecraft:impact_projectiles","13"
"minecraft:spider","minecraft","spider","entity.minecraft.spider","net.minecraft.world.entity.EntityType","monster","1.4","0.9","c:spiders|enchanted:monsters|minecraft:arthropod|minecraft:dismounts_underwater|minecraft:no_anger_from_wind_charge|minecraft:sensitive_to_bane_of_arthropods|vampiricageing:common_devour","56"
"minecraft:squid","minecraft","squid","entity.minecraft.squid","net.minecraft.world.entity.EntityType","water_creature","0.8","0.8","c:squids|minecraft:aquatic|minecraft:axolotl_hunt_targets|minecraft:can_breathe_under_water|minecraft:not_scary_for_pufferfish|minecraft:sensitive_to_impaling|occultism:random_animals_common|occultism:random_animals_water|vampiricageing:infected_blacklist|vampiricageing:petty_devour","17"
"minecraft:stray","minecraft","stray","entity.minecraft.stray","net.minecraft.world.entity.EntityType","monster","0.6","1.99","bloodlines:possession_whitelist|enchanted:monsters|kaleidoscope_tavern:tomb_raider_disarmable|minecraft:can_breathe_under_water|minecraft:freeze_immune_entity_types|minecraft:ignores_poison_and_regen|minecraft:inverted_healing_and_harm|minecraft:no_anger_from_wind_charge|minecraft:sensitive_to_smite|minecraft:skeletons|minecraft:undead|minecraft:wither_friends","8"
"minecraft:strider","minecraft","strider","entity.minecraft.strider","net.minecraft.world.entity.EntityType","creature","0.9","1.7","minecraft:dismounts_underwater|minecraft:freeze_hurts_extra_types|occultism:random_animals_rideable","10"
"minecraft:tadpole","minecraft","tadpole","entity.minecraft.tadpole","net.minecraft.world.entity.EntityType","creature","0.4","0.3","c:tadpoles|minecraft:aquatic|minecraft:axolotl_hunt_targets|minecraft:can_breathe_under_water|minecraft:not_scary_for_pufferfish|minecraft:sensitive_to_impaling|occultism:random_animals_water","3"
"minecraft:text_display","minecraft","text_display","entity.minecraft.text_display","net.minecraft.world.entity.EntityType","misc","0.0","0.0","","0"
"minecraft:tnt","minecraft","tnt","entity.minecraft.tnt","net.minecraft.world.entity.EntityType","misc","0.98","0.98","","17"
"minecraft:tnt_minecart","minecraft","tnt_minecart","entity.minecraft.tnt_minecart","net.minecraft.world.entity.EntityType","misc","0.98","0.7","c:minecarts","4"
"minecraft:trader_llama","minecraft","trader_llama","entity.minecraft.trader_llama","net.minecraft.world.entity.EntityType","creature","0.9","1.87","c:llamas|minecraft:dismounts_underwater|occultism:random_animals_rideable","2"
"minecraft:trident","minecraft","trident","entity.minecraft.trident","net.minecraft.world.entity.EntityType","misc","0.5","0.5","minecraft:impact_projectiles","14"
"minecraft:tropical_fish","minecraft","tropical_fish","entity.minecraft.tropical_fish","net.minecraft.world.entity.EntityType","water_ambient","0.5","0.4","c:fish|minecraft:aquatic|minecraft:axolotl_hunt_targets|minecraft:can_breathe_under_water|minecraft:not_scary_for_pufferfish|minecraft:sensitive_to_impaling|occultism:random_animals_water","22"
"minecraft:turtle","minecraft","turtle","entity.minecraft.turtle","net.minecraft.world.entity.EntityType","creature","1.2","0.4","minecraft:aquatic|minecraft:can_breathe_under_water|minecraft:not_scary_for_pufferfish|minecraft:sensitive_to_impaling|occultism:random_animals_water","3"
"minecraft:vex","minecraft","vex","entity.minecraft.vex","net.minecraft.world.entity.EntityType","monster","0.4","0.8","c:vex|enchanted:grotesque_immune|enchanted:monsters","5"
"minecraft:villager","minecraft","villager","entity.minecraft.villager","net.minecraft.world.entity.EntityType","misc","0.6","1.95","bloodlines:possession_whitelist|c:villagers|minecraft:villager|occultism:humans|vampiresdelight:drops_human_eye","9"
"minecraft:vindicator","minecraft","vindicator","entity.minecraft.vindicator","net.minecraft.world.entity.EntityType","monster","0.6","1.95","enchanted:grotesque_immune|kaleidoscope_tavern:tomb_raider_disarmable|minecraft:illager|minecraft:illager_friends|minecraft:raiders|vampiresdelight:drops_human_eye","5"
"minecraft:wandering_trader","minecraft","wandering_trader","entity.minecraft.wandering_trader","net.minecraft.world.entity.EntityType","creature","0.6","1.95","c:villagers|occultism:humans|vampiresdelight:drops_human_eye","2"
"minecraft:warden","minecraft","warden","entity.minecraft.warden","net.minecraft.world.entity.EntityType","monster","0.9","2.9","c:wardens|enchanted:grotesque_immune|enchanted:monsters|enchanted:taglock_blacklist","5"
"minecraft:wind_charge","minecraft","wind_charge","entity.minecraft.wind_charge","net.minecraft.world.entity.EntityType","misc","0.3125","0.3125","minecraft:impact_projectiles|minecraft:redirectable_projectile","25"
"minecraft:witch","minecraft","witch","entity.minecraft.witch","net.minecraft.world.entity.EntityType","monster","0.6","1.95","enchanted:grotesque_immune|enchanted:monsters|kaleidoscope_tavern:tomb_raider_disarmable|minecraft:raiders|vampiresdelight:drops_human_eye","57"
"minecraft:wither","minecraft","wither","entity.minecraft.wither","net.minecraft.world.entity.EntityType","monster","0.9","3.5","c:bosses|enchanted:taglock_blacklist|fieldguide:bosses|fieldguide:kill_to_unlock|immersiveengineering:shaderbag/blacklist|minecraft:can_breathe_under_water|minecraft:fall_damage_immune|minecraft:freeze_immune_entity_types|minecraft:ignores_poison_and_regen|minecraft:inverted_healing_and_harm|minecraft:sensitive_to_smite|minecraft:undead|minecraft:wither_friends|mythsandlegends:nether_mobs|occultism:fragile_soul_gem_deny_list|occultism:soul_gem_deny_list|vampirism:ignore_vampire_sword_finisher","14"
"minecraft:wither_skeleton","minecraft","wither_skeleton","entity.minecraft.wither_skeleton","net.minecraft.world.entity.EntityType","monster","0.7","2.4","bloodlines:possession_whitelist|enchanted:monsters|kaleidoscope_tavern:tomb_raider_disarmable|minecraft:can_breathe_under_water|minecraft:ignores_poison_and_regen|minecraft:inverted_healing_and_harm|minecraft:sensitive_to_smite|minecraft:skeletons|minecraft:undead|minecraft:wither_friends|mythsandlegends:nether_mobs","7"
"minecraft:wither_skull","minecraft","wither_skull","entity.minecraft.wither_skull","net.minecraft.world.entity.EntityType","misc","0.3125","0.3125","minecraft:impact_projectiles","3"
"minecraft:wolf","minecraft","wolf","entity.minecraft.wolf","net.minecraft.world.entity.EntityType","creature","0.6","0.85","bloodlines:possession_whitelist|c:wolfs|farmersdelight:dog_food_users|occultism:random_animals_common|vampiricageing:infected_blacklist|vampiricageing:petty_devour","19"
"minecraft:zoglin","minecraft","zoglin","entity.minecraft.zoglin","net.minecraft.world.entity.EntityType","monster","1.3964844","1.4","enchanted:monsters|kaleidoscope_tavern:tomb_raider_disarmable|minecraft:can_breathe_under_water|minecraft:ignores_poison_and_regen|minecraft:inverted_healing_and_harm|minecraft:sensitive_to_smite|minecraft:undead|minecraft:wither_friends|minecraft:zombies|mythsandlegends:nether_mobs","4"
"minecraft:zombie","minecraft","zombie","entity.minecraft.zombie","net.minecraft.world.entity.EntityType","monster","0.6","1.95","bloodlines:possession_whitelist|enchanted:monsters|kaleidoscope_tavern:tomb_raider_disarmable|minecraft:can_breathe_under_water|minecraft:ignores_poison_and_regen|minecraft:inverted_healing_and_harm|minecraft:no_anger_from_wind_charge|minecraft:sensitive_to_smite|minecraft:undead|minecraft:wither_friends|minecraft:zombies|vampirism:zombies","57"
"minecraft:zombie_horse","minecraft","zombie_horse","entity.minecraft.zombie_horse","net.minecraft.world.entity.EntityType","creature","1.3964844","1.6","farmersdelight:horse_feed_users|kaleidoscope_tavern:tomb_raider_disarmable|minecraft:can_breathe_under_water|minecraft:dismounts_underwater|minecraft:ignores_poison_and_regen|minecraft:inverted_healing_and_harm|minecraft:sensitive_to_smite|minecraft:undead|minecraft:wither_friends|minecraft:zombies|occultism:random_animals_rideable|vampirism:zombies","3"
"minecraft:zombie_villager","minecraft","zombie_villager","entity.minecraft.zombie_villager","net.minecraft.world.entity.EntityType","monster","0.6","1.95","bloodlines:possession_whitelist|enchanted:monsters|kaleidoscope_tavern:tomb_raider_disarmable|minecraft:can_breathe_under_water|minecraft:ignores_poison_and_regen|minecraft:inverted_healing_and_harm|minecraft:sensitive_to_smite|minecraft:undead|minecraft:wither_friends|minecraft:zombies|vampirism:zombies","56"
"minecraft:zombified_piglin","minecraft","zombified_piglin","entity.minecraft.zombified_piglin","net.minecraft.world.entity.EntityType","monster","0.6","1.95","enchanted:monsters|kaleidoscope_tavern:tomb_raider_disarmable|minecraft:can_breathe_under_water|minecraft:ignores_poison_and_regen|minecraft:inverted_healing_and_harm|minecraft:sensitive_to_smite|minecraft:undead|minecraft:wither_friends|minecraft:zombies|mythsandlegends:nether_mobs","8"
"mobs_of_mythology:automaton","mobs_of_mythology","automaton","entity.mobs_of_mythology.automaton","net.minecraft.world.entity.EntityType","monster","1.5","2.9","","0"
"mobs_of_mythology:basilisk","mobs_of_mythology","basilisk","entity.mobs_of_mythology.basilisk","net.minecraft.world.entity.EntityType","monster","2.0","1.5","","0"
"mobs_of_mythology:chupacabra","mobs_of_mythology","chupacabra","entity.mobs_of_mythology.chupacabra","net.minecraft.world.entity.EntityType","monster","1.25","1.0","","0"
"mobs_of_mythology:drake","mobs_of_mythology","drake","entity.mobs_of_mythology.drake","net.minecraft.world.entity.EntityType","monster","1.25","1.0","","0"
"mobs_of_mythology:kobold","mobs_of_mythology","kobold","entity.mobs_of_mythology.kobold","net.minecraft.world.entity.EntityType","monster","0.75","1.75","","0"
"mobs_of_mythology:kobold_warrior","mobs_of_mythology","kobold_warrior","entity.mobs_of_mythology.kobold_warrior","net.minecraft.world.entity.EntityType","monster","0.75","1.75","","0"
"mobs_of_mythology:sporeling","mobs_of_mythology","sporeling","entity.mobs_of_mythology.sporeling","net.minecraft.world.entity.EntityType","monster","1.0","0.8","","0"
"myths_of_the_sea:abaia","myths_of_the_sea","abaia","entity.myths_of_the_sea.abaia","net.minecraft.world.entity.EntityType","water_creature","4.0","2.0","minecraft:aquatic|minecraft:can_breathe_under_water|minecraft:sensitive_to_impaling","0"
"myths_of_the_sea:bake_kujira","myths_of_the_sea","bake_kujira","entity.myths_of_the_sea.bake_kujira","net.minecraft.world.entity.EntityType","water_creature","4.0","2.0","minecraft:aquatic|minecraft:can_breathe_under_water|minecraft:sensitive_to_impaling","0"
"myths_of_the_sea:bunyip","myths_of_the_sea","bunyip","entity.myths_of_the_sea.bunyip","net.minecraft.world.entity.EntityType","monster","2.0","2.0","minecraft:can_breathe_under_water","0"
"myths_of_the_sea:hippocampus","myths_of_the_sea","hippocampus","entity.myths_of_the_sea.hippocampus","net.minecraft.world.entity.EntityType","water_creature","2.0","2.0","minecraft:aquatic|minecraft:can_breathe_under_water|minecraft:sensitive_to_impaling","0"
"myths_of_the_sea:kraken","myths_of_the_sea","kraken","entity.myths_of_the_sea.kraken","net.minecraft.world.entity.EntityType","monster","8.0","8.0","minecraft:aquatic|minecraft:can_breathe_under_water|minecraft:sensitive_to_impaling","0"
"myths_of_the_sea:leviathan","myths_of_the_sea","leviathan","entity.myths_of_the_sea.leviathan","net.minecraft.world.entity.EntityType","monster","22.0","2.5","minecraft:aquatic|minecraft:can_breathe_under_water|minecraft:sensitive_to_impaling","0"
"mythsandlegends:abaddon","mythsandlegends","abaddon","entity.mythsandlegends.abaddon","net.minecraft.world.entity.EntityType","monster","1.0","1.6","mythsandlegends:nether_mobs","1"
"mythsandlegends:alp","mythsandlegends","alp","entity.mythsandlegends.alp","net.minecraft.world.entity.EntityType","monster","0.5","1.3","","0"
"mythsandlegends:amarok","mythsandlegends","amarok","entity.mythsandlegends.amarok","net.minecraft.world.entity.EntityType","monster","1.0","1.5","","1"
"mythsandlegends:black_charro","mythsandlegends","black_charro","entity.mythsandlegends.black_charro","net.minecraft.world.entity.EntityType","monster","0.8","2.0","fieldguide:bosses|fieldguide:kill_to_unlock","2"
"mythsandlegends:candle_keeper","mythsandlegends","candle_keeper","entity.mythsandlegends.candle_keeper","net.minecraft.world.entity.EntityType","monster","1.0","2.0","","0"
"mythsandlegends:condemned","mythsandlegends","condemned","entity.mythsandlegends.condemned","net.minecraft.world.entity.EntityType","monster","0.8","1.8","mythsandlegends:nether_mobs","2"
"mythsandlegends:effect_screen_shake","mythsandlegends","effect_screen_shake","entity.mythsandlegends.effect_screen_shake","net.minecraft.world.entity.EntityType","misc","1.0","1.0","","0"
"mythsandlegends:falling_block","mythsandlegends","falling_block","entity.mythsandlegends.falling_block","net.minecraft.world.entity.EntityType","misc","1.0","1.0","","0"
"mythsandlegends:frost_spike","mythsandlegends","frost_spike","entity.mythsandlegends.frost_spike","net.minecraft.world.entity.EntityType","misc","0.5","0.5","","0"
"mythsandlegends:gargoyle","mythsandlegends","gargoyle","entity.mythsandlegends.gargoyle","net.minecraft.world.entity.EntityType","monster","0.9","1.7","","0"
"mythsandlegends:hell_light","mythsandlegends","hell_light","entity.mythsandlegends.hell_light","net.minecraft.world.entity.EntityType","misc","1.0","2.0","","0"
"mythsandlegends:ignis_nexus","mythsandlegends","ignis_nexus","entity.mythsandlegends.ignis_nexus","net.minecraft.world.entity.EntityType","misc","1.0","1.0","","0"
"mythsandlegends:imp","mythsandlegends","imp","entity.mythsandlegends.imp","net.minecraft.world.entity.EntityType","monster","0.6","0.8","mythsandlegends:nether_mobs","1"
"mythsandlegends:imp_clone","mythsandlegends","imp_clone","entity.mythsandlegends.imp_clone","net.minecraft.world.entity.EntityType","monster","0.6","0.8","fieldguide:blacklisted|mythsandlegends:nether_mobs","2"
"mythsandlegends:infernal_thorn","mythsandlegends","infernal_thorn","entity.mythsandlegends.infernal_thorn","net.minecraft.world.entity.EntityType","misc","0.7","1.5","","0"
"mythsandlegends:karakondjul","mythsandlegends","karakondjul","entity.mythsandlegends.karakondjul","net.minecraft.world.entity.EntityType","monster","1.0","1.9","","1"
"mythsandlegends:lampad","mythsandlegends","lampad","entity.mythsandlegends.lampad","net.minecraft.world.entity.EntityType","monster","0.5","2.1","","0"
"mythsandlegends:molten_ball","mythsandlegends","molten_ball","entity.mythsandlegends.molten_ball","net.minecraft.world.entity.EntityType","misc","0.5","0.5","fieldguide:blacklisted","1"
"mythsandlegends:possessed_armor","mythsandlegends","possessed_armor","entity.mythsandlegends.possessed_armor","net.minecraft.world.entity.EntityType","monster","0.8","2.0","mythsandlegends:possessed_armors","2"
"mythsandlegends:possessed_armor_archer","mythsandlegends","possessed_armor_archer","entity.mythsandlegends.possessed_armor_archer","net.minecraft.world.entity.EntityType","monster","0.8","2.0","mythsandlegends:possessed_armors","1"
"mythsandlegends:possessed_armor_inquisitor","mythsandlegends","possessed_armor_inquisitor","entity.mythsandlegends.possessed_armor_inquisitor","net.minecraft.world.entity.EntityType","monster","1.2","3.0","mythsandlegends:possessed_armors","1"
"mythsandlegends:scorched_sentinel","mythsandlegends","scorched_sentinel","entity.mythsandlegends.scorched_sentinel","net.minecraft.world.entity.EntityType","monster","1.0","2.65","mythsandlegends:nether_mobs","1"
"mythsandlegends:shadow_horse","mythsandlegends","shadow_horse","entity.mythsandlegends.shadow_horse","net.minecraft.world.entity.EntityType","misc","1.0","2.0","","0"
"mythsandlegends:umbral_orb","mythsandlegends","umbral_orb","entity.mythsandlegends.umbral_orb","net.minecraft.world.entity.EntityType","misc","0.5","0.5","","0"
"mythsandlegends:warborn_aegis","mythsandlegends","warborn_aegis","entity.mythsandlegends.warborn_aegis","net.minecraft.world.entity.EntityType","monster","1.0","3.2","mythsandlegends:nether_mobs","2"
"occultism:afrit","occultism","afrit","entity.occultism.afrit","net.minecraft.world.entity.EntityType","creature","1.0","2.4","occultism:healed_by_demons_dream_fruit|per_viam_invenire:replace_vanilla_navigator","7"
"occultism:afrit_wild","occultism","afrit_wild","entity.occultism.afrit_wild","net.minecraft.world.entity.EntityType","creature","1.0","2.4","occultism:healed_by_demons_dream_fruit","2"
"occultism:bat_familiar","occultism","bat_familiar","entity.occultism.bat_familiar","net.minecraft.world.entity.EntityType","creature","0.5","0.9","c:bats|minecraft:fall_damage_immune|occultism:flying_passive|occultism:healed_by_demons_dream_fruit","5"
"occultism:beaver_familiar","occultism","beaver_familiar","entity.occultism.beaver_familiar","net.minecraft.world.entity.EntityType","creature","0.7","0.6","minecraft:can_breathe_under_water|occultism:healed_by_demons_dream_fruit|per_viam_invenire:replace_vanilla_navigator","4"
"occultism:beholder_familiar","occultism","beholder_familiar","entity.occultism.beholder_familiar","net.minecraft.world.entity.EntityType","creature","0.6","1.8","occultism:healed_by_demons_dream_fruit|per_viam_invenire:replace_vanilla_navigator","3"
"occultism:blacksmith_familiar","occultism","blacksmith_familiar","entity.occultism.blacksmith_familiar","net.minecraft.world.entity.EntityType","creature","0.65","1.0","occultism:healed_by_demons_dream_fruit|per_viam_invenire:replace_vanilla_navigator","3"
"occultism:chimera_familiar","occultism","chimera_familiar","entity.occultism.chimera_familiar","net.minecraft.world.entity.EntityType","creature","0.85","1.05","occultism:healed_by_demons_dream_fruit|per_viam_invenire:replace_vanilla_navigator","3"
"occultism:cthulhu_familiar","occultism","cthulhu_familiar","entity.occultism.cthulhu_familiar","net.minecraft.world.entity.EntityType","creature","0.6","1.0","minecraft:can_breathe_under_water|occultism:healed_by_demons_dream_fruit|per_viam_invenire:replace_vanilla_navigator","4"
"occultism:deer_familiar","occultism","deer_familiar","entity.occultism.deer_familiar","net.minecraft.world.entity.EntityType","creature","0.6","1.0","occultism:healed_by_demons_dream_fruit|per_viam_invenire:replace_vanilla_navigator","3"
"occultism:demonic_husband","occultism","demonic_husband","entity.occultism.demonic_husband","net.minecraft.world.entity.EntityType","creature","0.6","1.8","occultism:healed_by_demons_dream_fruit","2"
"occultism:demonic_wife","occultism","demonic_wife","entity.occultism.demonic_wife","net.minecraft.world.entity.EntityType","creature","0.6","2.0","occultism:healed_by_demons_dream_fruit","2"
"occultism:devil_familiar","occultism","devil_familiar","entity.occultism.devil_familiar","net.minecraft.world.entity.EntityType","creature","0.8","1.8","occultism:healed_by_demons_dream_fruit|per_viam_invenire:replace_vanilla_navigator","3"
"occultism:djinni","occultism","djinni","entity.occultism.djinni","net.minecraft.world.entity.EntityType","creature","1.0","2.4","occultism:healed_by_demons_dream_fruit|per_viam_invenire:replace_vanilla_navigator","10"
"occultism:dragon_familiar","occultism","dragon_familiar","entity.occultism.dragon_familiar","net.minecraft.world.entity.EntityType","creature","1.0","0.8","occultism:healed_by_demons_dream_fruit","2"
"occultism:fairy_familiar","occultism","fairy_familiar","entity.occultism.fairy_familiar","net.minecraft.world.entity.EntityType","creature","0.6","1.0","occultism:healed_by_demons_dream_fruit","2"
"occultism:foliot","occultism","foliot","entity.occultism.foliot","net.minecraft.world.entity.EntityType","creature","0.5","1.4","occultism:healed_by_demons_dream_fruit|per_viam_invenire:replace_vanilla_navigator","12"
"occultism:goat_familiar","occultism","goat_familiar","entity.occultism.goat_familiar","net.minecraft.world.entity.EntityType","creature","0.7","0.8","c:goats|occultism:healed_by_demons_dream_fruit|per_viam_invenire:replace_vanilla_navigator","3"
"occultism:greedy_familiar","occultism","greedy_familiar","entity.occultism.greedy_familiar","net.minecraft.world.entity.EntityType","creature","0.5","0.9","occultism:healed_by_demons_dream_fruit|per_viam_invenire:replace_vanilla_navigator","3"
"occultism:guardian_familiar","occultism","guardian_familiar","entity.occultism.guardian_familiar","net.minecraft.world.entity.EntityType","creature","0.8","1.5","occultism:healed_by_demons_dream_fruit|per_viam_invenire:replace_vanilla_navigator","3"
"occultism:headless_familiar","occultism","headless_familiar","entity.occultism.headless_familiar","net.minecraft.world.entity.EntityType","creature","0.7","1.1","occultism:healed_by_demons_dream_fruit|per_viam_invenire:replace_vanilla_navigator","3"
"occultism:iesnium_golem","occultism","iesnium_golem","entity.occultism.iesnium_golem","net.minecraft.world.entity.EntityType","misc","1.4","2.7","minecraft:fall_damage_immune|occultism:fragile_soul_gem_deny_list|occultism:soul_gem_deny_list","4"
"occultism:marid","occultism","marid","entity.occultism.marid","net.minecraft.world.entity.EntityType","creature","1.0","2.4","occultism:healed_by_demons_dream_fruit|per_viam_invenire:replace_vanilla_navigator","5"
"occultism:marid_unbound","occultism","marid_unbound","entity.occultism.marid_unbound","net.minecraft.world.entity.EntityType","creature","1.0","2.4","occultism:healed_by_demons_dream_fruit","2"
"occultism:mercy_goat","occultism","mercy_goat","entity.occultism.mercy_goat","net.minecraft.world.entity.EntityType","creature","0.9","1.3","c:goats|occultism:healed_by_demons_dream_fruit","3"
"occultism:mummy_familiar","occultism","mummy_familiar","entity.occultism.mummy_familiar","net.minecraft.world.entity.EntityType","creature","0.6","1.2","occultism:healed_by_demons_dream_fruit|per_viam_invenire:replace_vanilla_navigator","3"
"occultism:otherworld_bird","occultism","otherworld_bird","entity.occultism.otherworld_bird","net.minecraft.world.entity.EntityType","creature","0.5","0.9","minecraft:fall_damage_immune|occultism:healed_by_demons_dream_fruit","4"
"occultism:possessed_bee","occultism","possessed_bee","entity.occultism.possessed_bee","net.minecraft.world.entity.EntityType","monster","0.7","0.6","c:bees|minecraft:arthropod|minecraft:fall_damage_immune|minecraft:sensitive_to_bane_of_arthropods|occultism:flying_passive|occultism:healed_by_demons_dream_fruit","7"
"occultism:possessed_blaze","occultism","possessed_blaze","entity.occultism.possessed_blaze","net.minecraft.world.entity.EntityType","monster","0.6","1.8","minecraft:fall_damage_immune|occultism:healed_by_demons_dream_fruit","3"
"occultism:possessed_breeze","occultism","possessed_breeze","entity.occultism.possessed_breeze","net.minecraft.world.entity.EntityType","monster","0.6","1.77","minecraft:can_turn_in_boats|minecraft:deflects_projectiles|minecraft:fall_damage_immune|minecraft:no_anger_from_wind_charge|occultism:healed_by_demons_dream_fruit|occultism:wild_trial","7"
"occultism:possessed_elder_guardian","occultism","possessed_elder_guardian","entity.occultism.possessed_elder_guardian","net.minecraft.world.entity.EntityType","monster","2.0","2.0","minecraft:aquatic|minecraft:axolotl_always_hostiles|minecraft:can_breathe_under_water|minecraft:not_scary_for_pufferfish|minecraft:sensitive_to_impaling|occultism:healed_by_demons_dream_fruit","7"
"occultism:possessed_enderman","occultism","possessed_enderman","entity.occultism.possessed_enderman","net.minecraft.world.entity.EntityType","monster","0.6","2.9","c:endermen|occultism:healed_by_demons_dream_fruit","3"
"occultism:possessed_endermite","occultism","possessed_endermite","entity.occultism.possessed_endermite","net.minecraft.world.entity.EntityType","monster","0.4","0.3","minecraft:arthropod|minecraft:powder_snow_walkable_mobs|minecraft:sensitive_to_bane_of_arthropods|occultism:healed_by_demons_dream_fruit","5"
"occultism:possessed_evoker","occultism","possessed_evoker","entity.occultism.possessed_evoker","net.minecraft.world.entity.EntityType","monster","0.6","1.95","minecraft:illager|minecraft:illager_friends","3"
"occultism:possessed_ghast","occultism","possessed_ghast","entity.occultism.possessed_ghast","net.minecraft.world.entity.EntityType","monster","4.0","4.0","minecraft:fall_damage_immune|occultism:healed_by_demons_dream_fruit","3"
"occultism:possessed_guardian","occultism","possessed_guardian","entity.occultism.possessed_guardian","net.minecraft.world.entity.EntityType","monster","0.85","0.85","minecraft:aquatic|minecraft:axolotl_always_hostiles|minecraft:can_breathe_under_water|minecraft:not_scary_for_pufferfish|minecraft:sensitive_to_impaling|occultism:healed_by_demons_dream_fruit","7"
"occultism:possessed_hoglin","occultism","possessed_hoglin","entity.occultism.possessed_hoglin","net.minecraft.world.entity.EntityType","monster","1.88","1.88","c:hoglins|occultism:healed_by_demons_dream_fruit","3"
"occultism:possessed_phantom","occultism","possessed_phantom","entity.occultism.possessed_phantom","net.minecraft.world.entity.EntityType","monster","0.9","0.5","minecraft:can_breathe_under_water|minecraft:fall_damage_immune|minecraft:ignores_poison_and_regen|minecraft:inverted_healing_and_harm|minecraft:sensitive_to_smite|minecraft:undead|minecraft:wither_friends|occultism:healed_by_demons_dream_fruit","9"
"occultism:possessed_shulker","occultism","possessed_shulker","entity.occultism.possessed_shulker","net.minecraft.world.entity.EntityType","monster","1.0","1.0","c:shulkers|minecraft:fall_damage_immune|occultism:healed_by_demons_dream_fruit","4"
"occultism:possessed_skeleton","occultism","possessed_skeleton","entity.occultism.possessed_skeleton","net.minecraft.world.entity.EntityType","monster","0.6","1.99","kaleidoscope_tavern:tomb_raider_disarmable|minecraft:can_breathe_under_water|minecraft:ignores_poison_and_regen|minecraft:inverted_healing_and_harm|minecraft:no_anger_from_wind_charge|minecraft:sensitive_to_smite|minecraft:skeletons|minecraft:undead|minecraft:wither_friends|occultism:healed_by_demons_dream_fruit","10"
"occultism:possessed_strong_breeze","occultism","possessed_strong_breeze","entity.occultism.possessed_strong_breeze","net.minecraft.world.entity.EntityType","monster","0.6","1.77","minecraft:can_turn_in_boats|minecraft:deflects_projectiles|minecraft:fall_damage_immune|minecraft:no_anger_from_wind_charge|occultism:healed_by_demons_dream_fruit|occultism:wild_trial","7"
"occultism:possessed_warden","occultism","possessed_warden","entity.occultism.possessed_warden","net.minecraft.world.entity.EntityType","monster","0.9","2.9","c:wardens|occultism:healed_by_demons_dream_fruit","3"
"occultism:possessed_weak_breeze","occultism","possessed_weak_breeze","entity.occultism.possessed_weak_breeze","net.minecraft.world.entity.EntityType","monster","0.6","1.77","minecraft:can_turn_in_boats|minecraft:deflects_projectiles|minecraft:fall_damage_immune|minecraft:no_anger_from_wind_charge|occultism:healed_by_demons_dream_fruit|occultism:wild_trial","7"
"occultism:possessed_weak_shulker","occultism","possessed_weak_shulker","entity.occultism.possessed_weak_shulker","net.minecraft.world.entity.EntityType","monster","1.0","1.0","c:shulkers|minecraft:fall_damage_immune|occultism:healed_by_demons_dream_fruit","4"
"occultism:possessed_witch","occultism","possessed_witch","entity.occultism.possessed_witch","net.minecraft.world.entity.EntityType","monster","0.9","1.95","occultism:healed_by_demons_dream_fruit","2"
"occultism:possessed_zombie_piglin","occultism","possessed_zombie_piglin","entity.occultism.possessed_zombie_piglin","net.minecraft.world.entity.EntityType","monster","0.6","1.95","kaleidoscope_tavern:tomb_raider_disarmable|minecraft:can_breathe_under_water|minecraft:ignores_poison_and_regen|minecraft:inverted_healing_and_harm|minecraft:sensitive_to_smite|minecraft:undead|minecraft:wither_friends|minecraft:zombies|occultism:healed_by_demons_dream_fruit","9"
"occultism:shub_niggurath_familiar","occultism","shub_niggurath_familiar","entity.occultism.shub_niggurath_familiar","net.minecraft.world.entity.EntityType","creature","0.7","0.8","occultism:healed_by_demons_dream_fruit|per_viam_invenire:replace_vanilla_navigator","2"
"occultism:shub_niggurath_spawn","occultism","shub_niggurath_spawn","entity.occultism.shub_niggurath_spawn","net.minecraft.world.entity.EntityType","creature","0.6","0.6","occultism:healed_by_demons_dream_fruit","1"
"occultism:thrown_sword","occultism","thrown_sword","entity.occultism.thrown_sword","net.minecraft.world.entity.EntityType","misc","0.5","0.5","","0"
"occultism:wild_bogged","occultism","wild_bogged","entity.occultism.wild_bogged","net.minecraft.world.entity.EntityType","monster","0.6","1.99","kaleidoscope_tavern:tomb_raider_disarmable|minecraft:can_breathe_under_water|minecraft:ignores_poison_and_regen|minecraft:inverted_healing_and_harm|minecraft:no_anger_from_wind_charge|minecraft:sensitive_to_smite|minecraft:skeletons|minecraft:undead|minecraft:wither_friends|occultism:healed_by_demons_dream_fruit|occultism:wild_trial","10"
"occultism:wild_cave_spider","occultism","wild_cave_spider","entity.occultism.wild_cave_spider","net.minecraft.world.entity.EntityType","monster","0.5","0.7","minecraft:arthropod|minecraft:no_anger_from_wind_charge|minecraft:sensitive_to_bane_of_arthropods|occultism:healed_by_demons_dream_fruit|occultism:wild_trial","5"
"occultism:wild_horde_creeper","occultism","wild_horde_creeper","entity.occultism.wild_horde_creeper","net.minecraft.world.entity.EntityType","monster","0.6","1.7","","1"
"occultism:wild_horde_drowned","occultism","wild_horde_drowned","entity.occultism.wild_horde_drowned","net.minecraft.world.entity.EntityType","monster","0.6","1.95","kaleidoscope_tavern:tomb_raider_disarmable|minecraft:axolotl_always_hostiles|minecraft:can_breathe_under_water|minecraft:ignores_poison_and_regen|minecraft:inverted_healing_and_harm|minecraft:sensitive_to_smite|minecraft:undead|minecraft:wither_friends|minecraft:zombies","9"
"occultism:wild_horde_husk","occultism","wild_horde_husk","entity.occultism.wild_horde_husk","net.minecraft.world.entity.EntityType","monster","0.6","1.95","kaleidoscope_tavern:tomb_raider_disarmable|minecraft:can_breathe_under_water|minecraft:ignores_poison_and_regen|minecraft:inverted_healing_and_harm|minecraft:no_anger_from_wind_charge|minecraft:sensitive_to_smite|minecraft:undead|minecraft:wither_friends|minecraft:zombies","9"
"occultism:wild_horde_silverfish","occultism","wild_horde_silverfish","entity.occultism.wild_horde_silverfish","net.minecraft.world.entity.EntityType","monster","0.4","0.3","minecraft:arthropod|minecraft:powder_snow_walkable_mobs|minecraft:sensitive_to_bane_of_arthropods","4"
"occultism:wild_hunt_skeleton","occultism","wild_hunt_skeleton","entity.occultism.wild_hunt_skeleton","net.minecraft.world.entity.EntityType","monster","0.6","2.9","kaleidoscope_tavern:tomb_raider_disarmable|minecraft:can_breathe_under_water|minecraft:ignores_poison_and_regen|minecraft:inverted_healing_and_harm|minecraft:no_anger_from_wind_charge|minecraft:sensitive_to_smite|minecraft:skeletons|minecraft:undead|minecraft:wither_friends|occultism:healed_by_demons_dream_fruit|occultism:wild_hunt","10"
"occultism:wild_hunt_wither_skeleton","occultism","wild_hunt_wither_skeleton","entity.occultism.wild_hunt_wither_skeleton","net.minecraft.world.entity.EntityType","monster","0.6","2.9","kaleidoscope_tavern:tomb_raider_disarmable|minecraft:can_breathe_under_water|minecraft:ignores_poison_and_regen|minecraft:inverted_healing_and_harm|minecraft:sensitive_to_smite|minecraft:skeletons|minecraft:undead|minecraft:wither_friends|occultism:healed_by_demons_dream_fruit|occultism:wild_hunt","10"
"occultism:wild_husk","occultism","wild_husk","entity.occultism.wild_husk","net.minecraft.world.entity.EntityType","monster","0.6","1.95","kaleidoscope_tavern:tomb_raider_disarmable|minecraft:can_breathe_under_water|minecraft:ignores_poison_and_regen|minecraft:inverted_healing_and_harm|minecraft:no_anger_from_wind_charge|minecraft:sensitive_to_smite|minecraft:undead|minecraft:wither_friends|minecraft:zombies|occultism:healed_by_demons_dream_fruit|occultism:wild_trial","10"
"occultism:wild_silverfish","occultism","wild_silverfish","entity.occultism.wild_silverfish","net.minecraft.world.entity.EntityType","monster","0.4","0.3","minecraft:arthropod|minecraft:powder_snow_walkable_mobs|minecraft:sensitive_to_bane_of_arthropods|occultism:healed_by_demons_dream_fruit|occultism:wild_trial","5"
"occultism:wild_skeleton","occultism","wild_skeleton","entity.occultism.wild_skeleton","net.minecraft.world.entity.EntityType","monster","0.6","1.99","kaleidoscope_tavern:tomb_raider_disarmable|minecraft:can_breathe_under_water|minecraft:ignores_poison_and_regen|minecraft:inverted_healing_and_harm|minecraft:no_anger_from_wind_charge|minecraft:sensitive_to_smite|minecraft:skeletons|minecraft:undead|minecraft:wither_friends|occultism:healed_by_demons_dream_fruit|occultism:wild_trial","10"
"occultism:wild_slime","occultism","wild_slime","entity.occultism.wild_slime","net.minecraft.world.entity.EntityType","monster","0.5","0.5","minecraft:frog_food|minecraft:no_anger_from_wind_charge|minecraft:non_controlling_rider|occultism:healed_by_demons_dream_fruit|occultism:wild_trial","5"
"occultism:wild_spider","occultism","wild_spider","entity.occultism.wild_spider","net.minecraft.world.entity.EntityType","monster","0.9","1.4","minecraft:arthropod|minecraft:dismounts_underwater|minecraft:no_anger_from_wind_charge|minecraft:sensitive_to_bane_of_arthropods|occultism:healed_by_demons_dream_fruit|occultism:wild_trial","6"
"occultism:wild_stray","occultism","wild_stray","entity.occultism.wild_stray","net.minecraft.world.entity.EntityType","monster","0.6","1.99","kaleidoscope_tavern:tomb_raider_disarmable|minecraft:can_breathe_under_water|minecraft:freeze_immune_entity_types|minecraft:ignores_poison_and_regen|minecraft:inverted_healing_and_harm|minecraft:no_anger_from_wind_charge|minecraft:sensitive_to_smite|minecraft:skeletons|minecraft:undead|minecraft:wither_friends|occultism:healed_by_demons_dream_fruit|occultism:wild_trial","11"
"occultism:wild_zombie","occultism","wild_zombie","entity.occultism.wild_zombie","net.minecraft.world.entity.EntityType","monster","0.6","1.95","kaleidoscope_tavern:tomb_raider_disarmable|minecraft:can_breathe_under_water|minecraft:ignores_poison_and_regen|minecraft:inverted_healing_and_harm|minecraft:no_anger_from_wind_charge|minecraft:sensitive_to_smite|minecraft:undead|minecraft:wither_friends|minecraft:zombies|occultism:healed_by_demons_dream_fruit|occultism:wild_trial","10"
"occultism:wondering_trader","occultism","wondering_trader","entity.occultism.wondering_trader","net.minecraft.world.entity.EntityType","creature","0.6","1.9","c:villagers|occultism:healed_by_demons_dream_fruit|occultism:humans","3"
"quest_giver:quest_villager","quest_giver","quest_villager","entity.quest_giver.quest_villager","net.minecraft.world.entity.EntityType","creature","0.6","1.8","","0"
"vampiresdelight:alchemical_cocktail","vampiresdelight","alchemical_cocktail","entity.vampiresdelight.alchemical_cocktail","net.minecraft.world.entity.EntityType","misc","0.5","0.5","","3"
"vampirism:advanced_hunter","vampirism","advanced_hunter","entity.vampirism.advanced_hunter","net.minecraft.world.entity.EntityType","vampirism:hunter","0.6","1.95","minecraft:powder_snow_walkable_mobs|vampiresdelight:drops_human_eye|vampiricageing:common_hunt_vampire|vampiricageing:common_hunt_werewolf|vampiricageing:greater_devour|vampirism:advanced_hunter|vampirism:hunter","9"
"vampirism:advanced_hunter_imob","vampirism","advanced_hunter_imob","entity.vampirism.advanced_hunter_imob","net.minecraft.world.entity.EntityType","vampirism:hunter","0.6","1.95","minecraft:powder_snow_walkable_mobs|vampiresdelight:drops_human_eye|vampiricageing:common_hunt_vampire|vampiricageing:common_hunt_werewolf|vampiricageing:greater_devour|vampirism:advanced_hunter|vampirism:hunter","5"
"vampirism:advanced_vampire","vampirism","advanced_vampire","entity.vampirism.advanced_vampire","net.minecraft.world.entity.EntityType","vampirism:vampire","0.6","1.95","vampiricageing:common_hunt|vampiricageing:common_hunt_vampire|vampiricageing:common_hunt_werewolf|vampiricageing:greater_devour|vampirism:advanced_vampire|vampirism:vampire","6"
"vampirism:advanced_vampire_imob","vampirism","advanced_vampire_imob","entity.vampirism.advanced_vampire_imob","net.minecraft.world.entity.EntityType","vampirism:vampire","0.6","1.95","vampiricageing:common_hunt|vampiricageing:common_hunt_vampire|vampiricageing:common_hunt_werewolf|vampiricageing:greater_devour|vampirism:advanced_vampire|vampirism:vampire","6"
"vampirism:blinding_bat","vampirism","blinding_bat","entity.vampirism.blinding_bat","net.minecraft.world.entity.EntityType","ambient","0.5","0.9","","1"
"vampirism:converted_camel","vampirism","converted_camel","entity.vampirism.converted_camel","net.minecraft.world.entity.EntityType","creature","1.7","2.375","vampirism:converted_creatures|vampirism:vampire","1"
"vampirism:converted_cow","vampirism","converted_cow","entity.vampirism.converted_cow","net.minecraft.world.entity.EntityType","creature","0.9","1.4","vampirism:converted_creatures|vampirism:vampire","1"
"vampirism:converted_creature","vampirism","converted_creature","entity.vampirism.converted_creature","net.minecraft.world.entity.EntityType","creature","0.6","1.8","vampirism:converted_creatures|vampirism:vampire","1"
"vampirism:converted_creature_imob","vampirism","converted_creature_imob","entity.vampirism.converted_creature_imob","net.minecraft.world.entity.EntityType","creature","0.6","1.8","vampirism:converted_creatures|vampirism:vampire","1"
"vampirism:converted_donkey","vampirism","converted_donkey","entity.vampirism.converted_donkey","net.minecraft.world.entity.EntityType","creature","1.3964844","1.5","vampirism:converted_creatures|vampirism:vampire","1"
"vampirism:converted_fox","vampirism","converted_fox","entity.vampirism.converted_fox","net.minecraft.world.entity.EntityType","creature","0.6","0.7","vampirism:converted_creatures|vampirism:vampire","1"
"vampirism:converted_goat","vampirism","converted_goat","entity.vampirism.converted_goat","net.minecraft.world.entity.EntityType","creature","0.9","1.3","vampirism:converted_creatures|vampirism:vampire","1"
"vampirism:converted_horse","vampirism","converted_horse","entity.vampirism.converted_horse","net.minecraft.world.entity.EntityType","creature","1.3964844","1.6","vampirism:converted_creatures|vampirism:vampire","1"
"vampirism:converted_mule","vampirism","converted_mule","entity.vampirism.converted_mule","net.minecraft.world.entity.EntityType","creature","1.3964844","1.5","vampirism:converted_creatures|vampirism:vampire","1"
"vampirism:converted_sheep","vampirism","converted_sheep","entity.vampirism.converted_sheep","net.minecraft.world.entity.EntityType","creature","0.9","1.3","vampirism:converted_creatures|vampirism:vampire","1"
"vampirism:crossbow_arrow","vampirism","crossbow_arrow","entity.vampirism.crossbow_arrow","net.minecraft.world.entity.EntityType","misc","0.5","0.5","","0"
"vampirism:dark_blood_projectile","vampirism","dark_blood_projectile","entity.vampirism.dark_blood_projectile","net.minecraft.world.entity.EntityType","misc","0.6","0.6","","0"
"vampirism:dummy_creature","vampirism","dummy_creature","entity.vampirism.dummy_creature","net.minecraft.world.entity.EntityType","creature","0.6","1.8","","1"
"vampirism:dummy_sit_entity","vampirism","dummy_sit_entity","entity.vampirism.dummy_sit_entity","net.minecraft.world.entity.EntityType","misc","1.0E-4","1.0E-4","","0"
"vampirism:ghost","vampirism","ghost","entity.vampirism.ghost","net.minecraft.world.entity.EntityType","vampirism:vampire","0.35","0.5","vampiresdelight:unholy_spirits|vampirism:ignore_vampire_sword_finisher","3"
"vampirism:hunter","vampirism","hunter","entity.vampirism.hunter","net.minecraft.world.entity.EntityType","vampirism:hunter","0.6","1.95","minecraft:powder_snow_walkable_mobs|vampiresdelight:drops_human_eye|vampiricageing:common_devour|vampiricageing:petty_hunt_vampire|vampiricageing:petty_hunt_werewolf|vampirism:hunter","19"
"vampirism:hunter_imob","vampirism","hunter_imob","entity.vampirism.hunter_imob","net.minecraft.world.entity.EntityType","vampirism:hunter","0.6","1.95","minecraft:powder_snow_walkable_mobs|vampiresdelight:drops_human_eye|vampiricageing:common_devour|vampiricageing:petty_hunt_vampire|vampiricageing:petty_hunt_werewolf|vampirism:hunter","4"
"vampirism:hunter_minion","vampirism","hunter_minion","entity.vampirism.hunter_minion","net.minecraft.world.entity.EntityType","creature","0.6","1.95","","0"
"vampirism:hunter_trainer","vampirism","hunter_trainer","entity.vampirism.hunter_trainer","net.minecraft.world.entity.EntityType","vampirism:hunter","0.6","1.95","minecraft:powder_snow_walkable_mobs|vampiresdelight:drops_human_eye|vampirism:hunter","1"
"vampirism:hunter_trainer_dummy","vampirism","hunter_trainer_dummy","entity.vampirism.hunter_trainer_dummy","net.minecraft.world.entity.EntityType","misc","0.6","1.95","minecraft:powder_snow_walkable_mobs|vampiresdelight:drops_human_eye|vampirism:hunter","1"
"vampirism:particle_cloud","vampirism","particle_cloud","entity.vampirism.particle_cloud","net.minecraft.world.entity.EntityType","misc","6.0","0.5","","0"
"vampirism:remains_defender","vampirism","remains_defender","entity.vampirism.remains_defender","net.minecraft.world.entity.EntityType","misc","0.3","0.3","","0"
"vampirism:soul_orb","vampirism","soul_orb","entity.vampirism.soul_orb","net.minecraft.world.entity.EntityType","misc","0.25","0.25","","0"
"vampirism:task_master_hunter","vampirism","task_master_hunter","entity.vampirism.task_master_hunter","net.minecraft.world.entity.EntityType","vampirism:hunter","0.6","1.95","minecraft:powder_snow_walkable_mobs|vampiresdelight:drops_human_eye|vampirism:hunter","1"
"vampirism:task_master_vampire","vampirism","task_master_vampire","entity.vampirism.task_master_vampire","net.minecraft.world.entity.EntityType","vampirism:vampire","0.6","1.95","vampirism:vampire","1"
"vampirism:throwable_item","vampirism","throwable_item","entity.vampirism.throwable_item","net.minecraft.world.entity.EntityType","misc","0.25","0.25","","0"
"vampirism:vampire","vampirism","vampire","entity.vampirism.vampire","net.minecraft.world.entity.EntityType","vampirism:vampire","0.6","1.95","vampiricageing:common_devour|vampiricageing:petty_hunt|vampiricageing:petty_hunt_vampire|vampiricageing:petty_hunt_werewolf|vampirism:vampire","34"
"vampirism:vampire_baron","vampirism","vampire_baron","entity.vampirism.vampire_baron","net.minecraft.world.entity.EntityType","vampirism:vampire","0.6","1.95","vampiricageing:exquisite_devour|vampiricageing:graeter_hunt_vampire|vampiricageing:greater_hunt|vampiricageing:greater_hunt_werewolf|vampirism:vampire","7"
"vampirism:vampire_imob","vampirism","vampire_imob","entity.vampirism.vampire_imob","net.minecraft.world.entity.EntityType","vampirism:vampire","0.6","1.95","vampiricageing:common_devour|vampiricageing:petty_hunt|vampiricageing:petty_hunt_vampire|vampiricageing:petty_hunt_werewolf|vampirism:vampire","5"
"vampirism:vampire_minion","vampirism","vampire_minion","entity.vampirism.vampire_minion","net.minecraft.world.entity.EntityType","creature","0.6","1.95","","0"
"vampirism:villager_angry","vampirism","villager_angry","entity.vampirism.villager_angry","net.minecraft.world.entity.EntityType","creature","0.6","1.95","","0"
"vampirism:villager_converted","vampirism","villager_converted","entity.vampirism.villager_converted","net.minecraft.world.entity.EntityType","vampirism:vampire","0.6","1.95","vampirism:converted_creatures|vampirism:vampire","1"
"vampirism:vulnerable_remains_dummy","vampirism","vulnerable_remains_dummy","entity.vampirism.vulnerable_remains_dummy","net.minecraft.world.entity.EntityType","misc","1.02","1.02","vampirism:ignore_vampire_sword_finisher","1"
"vampirism__boss_checklist_compat:mother","vampirism__boss_checklist_compat","mother","entity.vampirism__boss_checklist_compat.mother","net.minecraft.world.entity.EntityType","monster","0.6","1.8","","0"
"vampirism_integrations:female_villager_mca_angry","vampirism_integrations","female_villager_mca_angry","entity.vampirism_integrations.female_villager_mca_angry","net.minecraft.world.entity.EntityType","creature","0.6","2.0","","0"
"vampirism_integrations:female_villager_mca_converted","vampirism_integrations","female_villager_mca_converted","entity.vampirism_integrations.female_villager_mca_converted","net.minecraft.world.entity.EntityType","creature","0.6","2.0","","0"
"vampirism_integrations:male_villager_mca_angry","vampirism_integrations","male_villager_mca_angry","entity.vampirism_integrations.male_villager_mca_angry","net.minecraft.world.entity.EntityType","creature","0.6","2.0","","0"
"vampirism_integrations:male_villager_mca_converted","vampirism_integrations","male_villager_mca_converted","entity.vampirism_integrations.male_villager_mca_converted","net.minecraft.world.entity.EntityType","creature","0.6","2.0","","0"
"werewolves:alpha_werewolf","werewolves","alpha_werewolf","entity.werewolves.alpha_werewolf","net.minecraft.world.entity.EntityType","werewolves:werewolf","0.8","2.0","vampiricageing:common_devour|vampiricageing:exquisite_devour|vampiricageing:greater_hunt|werewolves:werewolf","6"
"werewolves:human_werewolf","werewolves","human_werewolf","entity.werewolves.human_werewolf","net.minecraft.world.entity.EntityType","creature","0.6","1.9","werewolves:werewolf","1"
"werewolves:task_master_werewolf","werewolves","task_master_werewolf","entity.werewolves.task_master_werewolf","net.minecraft.world.entity.EntityType","werewolves:werewolf","0.6","1.95","werewolves:werewolf","1"
"werewolves:werewolf_beast","werewolves","werewolf_beast","entity.werewolves.werewolf_beast","net.minecraft.world.entity.EntityType","werewolves:werewolf","0.8","2.0","vampiricageing:common_hunt|werewolves:werewolf","3"
"werewolves:werewolf_minion","werewolves","werewolf_minion","entity.werewolves.werewolf_minion","net.minecraft.world.entity.EntityType","creature","0.6","1.95","werewolves:werewolf","1"
"werewolves:werewolf_survivalist","werewolves","werewolf_survivalist","entity.werewolves.werewolf_survivalist","net.minecraft.world.entity.EntityType","werewolves:werewolf","0.8","1.0","minecraft:powder_snow_walkable_mobs|vampiricageing:common_devour|vampiricageing:petty_hunt|werewolves:werewolf","4"
"werewolves:wolf","werewolves","wolf","entity.werewolves.wolf","net.minecraft.world.entity.EntityType","ambient","0.6","0.85","","0"
